name,background,image,health,weapon_1_image,weapon_1,weapon_2_image,weapon_2,weapon_3_image,weapon_3,armor_1_image,armor_1,armor_2_image,armor_2,armor_3_image,armor_3,evade,language_1,language_2,language_3,language_4
Kryonvox,fantasy,noobaiXLNAIXL_vPred065SVersion-Euler-33-5.5-3944015173-2024-12-12,40,impact,11,impact,11,impact,8,slash,1,puncture,11,impact,2,4,Common,,,
Noctrynia,fantasy,noobaiXLNAIXL_vPred065SVersion-Euler-33-6-4028945779-2024-12-12,58,puncture,9,puncture,9,impact,7,slash,1,puncture,11,impact,10,3,Common,,,
Morwenna Elowen,secret,noobaiXLNAIXL_vPred065SVersion-Euler-33-6-4028945783-2024-12-12,69,impact,2,shield,7,impact,8,slash,2,puncture,5,impact,3,5,Common,,,
Faelie Machi,secret,noobaiXLNAIXL_vPred065SVersion-Euler-33-6-655673697-2024-12-12,45,puncture,6,slash,8,impact,5,slash,3,puncture,2,impact,5,5,Common,,,
Kethril Moonflower,secret,noobaiXLNAIXL_vPred065SVersion-Euler-35-5-3035060107-2024-12-11,28,puncture,10,slash,3,impact,6,slash,5,puncture,7,impact,5,4,Common,,,
Uvanie Wiraqie,secret,noobaiXLNAIXL_vPred065SVersion-Euler-35-5-3809904269-2024-12-11,63,impact,6,puncture,6,impact,5,slash,5,puncture,2,impact,8,4,Common,,,
Duskara,fantasy,noobaiXLNAIXL_vPred065SVersion-Euler-35-5-3809904281-2024-12-11,70,puncture,1,slash,8,impact,8,slash,2,puncture,9,impact,3,4,Common,,,
Sephissa Rotthorn,mroczny,noobaiXLNAIXL_vPred065SVersion-Euler-40-5.5-2441466060-2025-01-02,25,puncture,10,slash,7,impact,5,slash,9,puncture,4,impact,5,3,Common,,,
Uma Aelindra,secret,noobaiXLNAIXL_vPred065SVersion-Euler-40-5.5-2441466065-2025-01-02,31,impact,9,impact,9,impact,4,slash,3,puncture,10,impact,10,3,Common,,,
Noctvoxa,fantasy,noobaiXLNAIXL_vPred065SVersion-Euler-40-5.5-2441466075-2025-01-02,32,impact,12,impact,12,impact,4,slash,5,puncture,6,impact,0,5,Common,,,
Gwyneirith Manco,forest,noobaiXLNAIXL_vPred065SVersion-Euler-40-5.5-2441466081-2025-01-02,17,puncture,8,slash,5,impact,4,slash,9,puncture,4,impact,5,3,Kristalion,,,
Talrynia,secret,noobaiXLNAIXL_vPred065SVersion-Euler-40-5.5-2441466084-2025-01-02,54,puncture,1,slash,5,impact,8,slash,2,puncture,9,impact,9,3,Common,,,
Sablevyn,fantasy,noobaiXLNAIXL_vPred065SVersion-Euler-40-5.5-2441466089-2025-01-02,40,impact,10,impact,10,impact,5,slash,2,puncture,4,impact,7,5,Common,,,
Nocthara,secret,noobaiXLNAIXL_vPred065SVersion-Euler-40-5.5-2441466090-2025-01-02,53,impact,9,impact,9,impact,5,slash,4,puncture,1,impact,6,5,Common,,,
Brynhildr Ironfist,secret,noobaiXLNAIXL_vPred065SVersion-Euler-40-5.5-2441466091-2025-01-02,41,impact,9,impact,9,impact,5,slash,0,puncture,5,impact,2,6,Common,,,
Galadriel Thalindra,fantasy,noobaiXLNAIXL_vPred065SVersion-Euler-40-5.5-2441466092-2025-01-02,62,impact,12,impact,12,impact,6,slash,9,puncture,4,impact,7,3,Ancient_Runes,Rh'lo,Common,
Bellonith Xibal,fantasy,noobaiXLNAIXL_vPred065SVersion-Euler-40-5.5-2441466095-2025-01-02,51,puncture,10,puncture,10,impact,8,slash,3,puncture,2,impact,8,5,Common,,,
Indira Elowen,forest,noobaiXLNAIXL_vPred065SVersion-Euler-40-5.5-2441466097-2025-01-02,64,puncture,2,slash,5,impact,5,slash,3,puncture,7,impact,4,4,Kristalion,,,
Seraphyx Ankhara,magic,noobaiXLNAIXL_vPred065SVersion-Euler-40-5.5-2441466105-2025-01-02,44,impact,8,impact,8,impact,8,slash,0,puncture,1,impact,10,5,Common,,,
Veylvoxis,fantasy,noobaiXLNAIXL_vPred065SVersion-Euler-40-5.5-2441466113-2025-01-02,36,impact,10,impact,10,impact,6,slash,10,puncture,8,impact,4,3,Ancient_Runes,Common,,
Rynelleth Intiq,fantasy,noobaiXLNAIXL_vPred065SVersion-Euler-40-5.5-2441466114-2025-01-02,70,impact,10,impact,10,impact,6,slash,0,puncture,0,impact,8,5,Common,Ancient_Runes,Rh'lo,
Morgwynthra Ashspire,secret,noobaiXLNAIXL_vPred065SVersion-Euler-40-5.5-2441466115-2025-01-02,71,impact,11,impact,11,impact,5,slash,0,puncture,0,impact,9,5,Common,,,
Astrid Zephyra,fantasy,noobaiXLNAIXL_vPred065SVersion-Euler-40-5.5-2441466120-2025-01-02,23,puncture,5,slash,4,impact,8,slash,10,puncture,13,impact,4,1,Common,,,
Thalina Zephyr,magic,noobaiXLNAIXL_vPred065SVersion-Euler-40-5.5-2441466121-2025-01-02,51,impact,8,impact,8,impact,4,slash,5,puncture,8,impact,8,3,Ancient_Runes,,,
Delphinyth Qhapa,mroczny,noobaiXLNAIXL_vPred065SVersion-Euler-40-5.5-2441466129-2025-01-02,56,puncture,11,puncture,11,impact,5,slash,2,puncture,7,impact,6,4,Common,,,
Jorie Chaskie,secret,noobaiXLNAIXL_vPred065SVersion-Euler-40-5.5-2441466136-2025-01-02,72,puncture,8,slash,6,impact,7,slash,4,puncture,6,impact,8,3,Common,,,
Ariniel Starseeker,mroczny,noobaiXLNAIXL_vPred065SVersion-Euler-40-5.5-2441466139-2025-01-02,75,impact,12,impact,12,impact,8,slash,8,puncture,6,impact,9,3,Common,,,
Miralithra Topac,secret,noobaiXLNAIXL_vPred065SVersion-Euler-40-5.5-2441466143-2025-01-02,32,impact,10,impact,10,impact,7,slash,1,puncture,5,impact,10,4,Common,,,
Elunarya Tlaloca,forest,noobaiXLNAIXL_vPred065SVersion-Euler-40-5.5-2441466152-2025-01-02,54,impact,11,impact,11,impact,3,slash,10,puncture,7,impact,10,1,Kristalion,,,
Aelindra Seraphine,secret,noobaiXLNAIXL_vPred065SVersion-Euler-40-5.5-4081805716-2025-01-02,57,puncture,3,slash,6,impact,5,slash,2,puncture,1,impact,9,5,Common,,,
Vynlota Frostweaver,secret,noobaiXLNAIXL_vPred065SVersion-Euler-40-5.5-4081805730-2025-01-02,18,impact,12,impact,12,impact,5,slash,6,puncture,10,impact,3,3,Common,,,
Melwyn Darkstalker,secret,noobaiXLNAIXL_vPred065SVersion-Euler-40-5.5-4081805732-2025-01-02,37,puncture,8,shield,4,impact,3,slash,2,puncture,9,impact,3,4,Ancient_Runes,,,
Xylara Nightshade,fantasy,noobaiXLNAIXL_vPred065SVersion-Euler-40-5.5-4081805733-2025-01-02,59,puncture,4,impact,6,impact,4,slash,0,puncture,0,impact,9,5,Common,Rh'lo,Ancient_Runes,
Fionnualith Inti,fantasy,noobaiXLNAIXL_vPred065SVersion-Euler-40-5.5-4081805734-2025-01-02,38,puncture,1,slash,4,impact,5,slash,0,puncture,14,impact,7,3,Common,,,
Selene Zephyra,fantasy,noobaiXLNAIXL_vPred065SVersion-Euler-40-5.5-4081805742-2025-01-02,63,puncture,3,slash,7,impact,8,slash,7,puncture,5,impact,3,4,Common,,,
Taryvox,magic,noobaiXLNAIXL_vPred065SVersion-Euler-40-5.5-4081805746-2025-01-02,45,impact,11,impact,11,impact,8,slash,2,puncture,7,impact,10,3,Rh'lo,Common,,
Halcyone Tiahua,magic,noobaiXLNAIXL_vPred065SVersion-Euler-40-5.5-4081805754-2025-01-02,22,impact,9,impact,9,impact,6,slash,0,puncture,0,impact,4,6,Common,Rh'lo,,
Phaedie Tumie,magic,noobaiXLNAIXL_vPred065SVersion-Euler-40-5.5-4081805762-2025-01-02,30,puncture,6,slash,3,impact,8,slash,4,puncture,2,impact,2,5,Ancient_Runes,Rh'lo,Common,
Skarlena,fantasy,noobaiXLNAIXL_vPred065SVersion-Euler-40-5.5-4081805764-2025-01-02,19,impact,8,impact,8,impact,7,slash,8,puncture,10,impact,10,1,Common,,,
Ophirith Huanca,fantasy,noobaiXLNAIXL_vPred065SVersion-Euler-40-5.5-4081805768-2025-01-02,44,impact,12,impact,12,impact,6,slash,0,puncture,5,impact,9,4,Common,Ancient_Runes,Rh'lo,
Galenira Emerald,fantasy,noobaiXLNAIXL_vPred065SVersion-Euler-40-5.5-4081805770-2025-01-02,60,puncture,2,slash,5,impact,5,slash,2,puncture,10,impact,7,3,Rh'lo,Ancient_Runes,Common,
Xalindrae Soulvein,magic,noobaiXLNAIXL_vPred065SVersion-Euler-40-5.5-4081805772-2025-01-02,53,impact,12,impact,12,impact,4,slash,0,puncture,2,impact,3,6,Common,Ancient_Runes,,
Eriol Starweaver,secret,noobaiXLNAIXL_vPred065SVersion-Euler-40-5.5-4081805777-2025-01-02,69,puncture,2,impact,4,impact,8,slash,4,puncture,5,impact,8,4,Common,,,
Eirwynne Calithra,secret,noobaiXLNAIXL_vPred065SVersion-Euler-40-5.5-4081805781-2025-01-02,70,impact,8,impact,8,impact,5,slash,4,puncture,3,impact,3,5,Common,,,
Velithra Quetzal,secret,noobaiXLNAIXL_vPred065SVersion-Euler-40-5.5-4081805782-2025-01-02,50,impact,8,impact,8,impact,4,slash,1,puncture,5,impact,6,5,Common,,,
Sarixara Necroshade,fantasy,noobaiXLNAIXL_vPred065SVersion-Euler-40-5.5-4081805787-2025-01-02,73,impact,11,impact,11,impact,8,slash,10,puncture,6,impact,4,3,Common,,,
Xeridian Nightwalker,magic,noobaiXLNAIXL_vPred065SVersion-Euler-40-5.5-4081805790-2025-01-02,46,puncture,9,slash,5,impact,5,slash,9,puncture,9,impact,10,1,Ancient_Runes,Rh'lo,Common,
Xalthora Voidscream,magic,noobaiXLNAIXL_vPred065SVersion-Euler-40-5.5-4081805792-2025-01-02,39,impact,9,impact,9,impact,4,slash,0,puncture,5,impact,0,6,Common,Ancient_Runes,Rh'lo,
Myrkulyssa Bonehymn,mroczny,noobaiXLNAIXL_vPred065SVersion-Euler-40-5.5-4081805793-2025-01-02,27,impact,10,puncture,6,impact,5,slash,9,puncture,5,impact,3,4,Common,,,
Calantheya Tiah,secret,noobaiXLNAIXL_vPred065SVersion-Euler-40-5.5-4081805812-2025-01-02,46,impact,12,impact,12,impact,3,slash,7,puncture,6,impact,0,5,Common,,,
Morvane Darkmagic,fantasy,noobaiXLNAIXL_vPred075SVersion-Euler-33-5-1071081136-2024-12-13,16,impact,8,impact,8,impact,6,slash,10,puncture,0,impact,3,5,Common,,,
Brynhildr Ironshield,mroczny,noobaiXLNAIXL_vPred075SVersion-Euler-33-5-1071081176-2024-12-13,27,puncture,9,puncture,9,impact,8,slash,2,puncture,5,impact,5,5,Rh'lo,Common,Ancient_Runes,
Ysenneth Voidrend,fantasy,noobaiXLNAIXL_vPred075SVersion-Euler-37-5-3445363095-2024-12-13,21,puncture,10,slash,4,impact,7,slash,0,puncture,9,impact,7,4,Common,,,
Indira Elowen,magic,noobaiXLNAIXL_vPred075SVersion-Euler-37-5-3445363099-2024-12-13,56,puncture,7,slash,3,impact,6,slash,2,puncture,3,impact,8,5,Rh'lo,Ancient_Runes,Common,
Zivie Suppie,mroczny,noobaiXLNAIXL_vPred075SVersion-Euler-37-5-3445363100-2024-12-13,60,impact,12,impact,12,impact,5,slash,1,puncture,7,impact,4,5,Kristalion,,,
Valacyssa Boneveil,secret,noobaiXLNAIXL_vPred075SVersion-Euler-37-5-3445363105-2024-12-13,39,impact,11,impact,11,impact,3,slash,4,puncture,0,impact,8,5,Common,,,
Eltharith Qhapa,fantasy,noobaiXLNAIXL_vPred075SVersion-Euler-37-5-3445363106-2024-12-13,47,impact,6,puncture,7,impact,4,slash,10,puncture,13,impact,7,0,Common,,,
Lyraxa Frostweaver,secret,noobaiXLNAIXL_vPred075SVersion-Euler-37-5-3445363109-2024-12-13,46,impact,8,impact,8,impact,3,slash,5,puncture,3,impact,5,5,Common,,,
Xylara Darksong,fantasy,noobaiXLNAIXL_vPred075SVersion-Euler-37-5-3445363125-2024-12-13,72,puncture,4,slash,3,impact,6,slash,4,puncture,5,impact,8,4,Common,,,
Thalvryssa Deathspire,fantasy,noobaiXLNAIXL_vPred075SVersion-Euler-37-5-3445363129-2024-12-13,19,impact,11,impact,11,impact,6,slash,10,puncture,4,impact,8,3,Common,,,
Melisphira Rotspell,fantasy,noobaiXLNAIXL_vPred075SVersion-Euler-37-5-3445363130-2024-12-13,59,puncture,7,shield,2,impact,7,slash,8,puncture,14,impact,5,1,Common,,,
Zivie Suppie,fantasy,noobaiXLNAIXL_vPred075SVersion-Euler-37-5-3445363131-2024-12-13,45,puncture,6,slash,8,impact,7,slash,5,puncture,14,impact,2,3,Common,,,
Nethrynia,fantasy,noobaiXLNAIXL_vPred075SVersion-Euler-37-5-3445363132-2024-12-13,25,impact,8,impact,8,impact,7,slash,5,puncture,9,impact,2,4,Common,Ancient_Runes,Rh'lo,
Indira Nyxara,fantasy,noobaiXLNAIXL_vPred075SVersion-Euler-37-5-3445363146-2024-12-13,50,impact,11,impact,11,impact,4,slash,4,puncture,8,impact,8,3,Common,Rh'lo,Ancient_Runes,
Xylara Darksong,mroczny,noobaiXLNAIXL_vPred075SVersion-Euler-37-5-3445363152-2024-12-13,25,impact,10,impact,10,impact,8,slash,10,puncture,8,impact,8,2,Common,,,
Wisterith Yana,fantasy,noobaiXLNAIXL_vPred075SVersion-Euler-37-5-3445363172-2024-12-13,27,impact,9,impact,9,impact,4,slash,1,puncture,10,impact,4,4,Common,,,
Perynie Tumie,fantasy,noobaiXLNAIXL_vPred075SVersion-Euler-37-5-3445363174-2024-12-13,75,impact,12,impact,12,impact,8,slash,9,puncture,10,impact,9,1,Common,,,
Orithie Apocie,mroczny,noobaiXLNAIXL_vPred075SVersion-Euler-37-5-3445363176-2024-12-13,43,impact,11,impact,11,impact,5,slash,6,puncture,3,impact,2,5,Common,,,
Yllarithys Grimspire,fantasy,noobaiXLNAIXL_vPred075SVersion-Euler-37-5-3445363185-2024-12-13,36,impact,9,impact,9,impact,8,slash,0,puncture,2,impact,3,6,Common,,,
Nyxara,fantasy,noobaiXLNAIXL_vPred075SVersion-Euler-37-5-3445363189-2024-12-13,28,puncture,8,slash,8,impact,5,slash,7,puncture,4,impact,4,4,Common,,,
Namarie Dusktreader,magic,noobaiXLNAIXL_vPred075SVersion-Euler-40-5.5-1165026951-2025-01-02,17,impact,10,impact,10,impact,5,slash,7,puncture,9,impact,7,3,Common,,,
Zynvyrath Blightthorn,fantasy,noobaiXLNAIXL_vPred075SVersion-Euler-40-5.5-1179137827-2025-01-02,38,puncture,11,shield,8,impact,4,slash,1,puncture,9,impact,12,3,Common,Kristalion,,
Xarkul,fantasy,noobaiXLNAIXL_vPred075SVersion-Euler-40-5.5-1179137830-2025-01-02,41,puncture,10,slash,5,impact,6,slash,2,puncture,7,impact,11,3,Common,,,
Thalor Zephy,secret,noobaiXLNAIXL_vPred075SVersion-Euler-40-5.5-1179137831-2025-01-02,88,puncture,8,slash,6,impact,7,slash,2,puncture,8,impact,9,3,Common,,,
Wrenor Huancie,fantasy,noobaiXLNAIXL_vPred075SVersion-Euler-40-5.5-1179137833-2025-01-02,50,puncture,7,shield,3,impact,7,slash,3,puncture,6,impact,10,3,Common,,,
Lycurgus,fantasy,noobaiXLNAIXL_vPred075SVersion-Euler-40-5.5-1179137838-2025-01-02,73,puncture,4,slash,4,impact,6,slash,0,puncture,4,impact,2,6,Rh'lo,Ancient_Runes,Common,
Daire Stormbreaker,secret,noobaiXLNAIXL_vPred075SVersion-Euler-40-5.5-1179137839-2025-01-02,50,puncture,3,slash,3,impact,7,slash,6,puncture,2,impact,4,5,Common,,,
Nethumbra,secret,noobaiXLNAIXL_vPred075SVersion-Euler-40-5.5-1179137841-2025-01-02,64,puncture,8,slash,5,impact,3,slash,7,puncture,6,impact,7,3,Common,,,
Xyndor Tlallie,fantasy,noobaiXLNAIXL_vPred075SVersion-Euler-40-5.5-1179137843-2025-01-02,46,impact,8,impact,8,impact,6,slash,0,puncture,4,impact,8,5,Common,,,
Eldrath,secret,noobaiXLNAIXL_vPred075SVersion-Euler-40-5.5-1179137844-2025-01-02,52,puncture,7,slash,5,impact,4,slash,6,puncture,2,impact,6,4,Common,,,
Sylthar,fantasy,noobaiXLNAIXL_vPred075SVersion-Euler-40-5.5-1179137845-2025-01-02,67,puncture,5,slash,3,impact,4,slash,0,puncture,2,impact,1,6,Common,,,
Kaelzar Wraiththorn,secret,noobaiXLNAIXL_vPred075SVersion-Euler-40-5.5-1179137849-2025-01-02,47,puncture,10,slash,4,impact,3,slash,4,puncture,1,impact,1,6,Common,,,
Eirabell Battlecry,mroczny,noobaiXLNAIXL_vPred075SVersion-Euler-40-5.5-1179137850-2025-01-02,56,puncture,10,puncture,10,impact,7,slash,8,puncture,8,impact,9,2,Common,,,
Xarothrakul Blightgaze,fantasy,noobaiXLNAIXL_vPred075SVersion-Euler-40-5.5-1179137854-2025-01-02,61,puncture,6,impact,7,impact,7,slash,7,puncture,3,impact,13,3,Common,,,
Shadryn,fantasy,noobaiXLNAIXL_vPred075SVersion-Euler-40-5.5-1179137856-2025-01-02,45,impact,11,impact,11,impact,6,slash,2,puncture,6,impact,3,5,Common,,,
Xalgarion Dreadspell,secret,noobaiXLNAIXL_vPred075SVersion-Euler-40-5.5-1179137857-2025-01-02,69,puncture,9,slash,8,impact,4,slash,0,puncture,5,impact,8,5,Common,,,
Zynvolkarath Necrospell,magic,noobaiXLNAIXL_vPred075SVersion-Euler-40-5.5-1179137858-2025-01-02,62,impact,9,impact,9,impact,3,slash,4,puncture,1,impact,1,6,Rh'lo,,,
Zylphara Doomspire,fantasy,noobaiXLNAIXL_vPred075SVersion-Euler-40-5.5-1179137861-2025-01-02,49,puncture,4,slash,4,impact,7,slash,1,puncture,2,impact,0,6,Common,,,
Ivo Frostreaver,mroczny,noobaiXLNAIXL_vPred075SVersion-Euler-40-5.5-1179137862-2025-01-02,51,puncture,1,impact,3,impact,3,slash,3,puncture,2,impact,3,5,Common,,,
Xancor,fantasy,noobaiXLNAIXL_vPred075SVersion-Euler-40-5.5-1179137866-2025-01-02,76,puncture,7,slash,8,impact,7,slash,0,puncture,2,impact,7,5,Common,,,
Gavan Ironthorn,fantasy,noobaiXLNAIXL_vPred075SVersion-Euler-40-5.5-1179137870-2025-01-02,45,impact,10,puncture,3,impact,4,slash,6,puncture,6,impact,1,5,Common,,,
Morvithra,fantasy,noobaiXLNAIXL_vPred075SVersion-Euler-40-5.5-1179137871-2025-01-02,19,impact,11,impact,11,impact,3,slash,1,puncture,0,impact,2,6,Common,,,
Lorcan Stanko,fantasy,noobaiXLNAIXL_vPred075SVersion-Euler-40-5.5-1179137875-2025-01-02,63,puncture,5,slash,5,impact,7,slash,4,puncture,13,impact,3,3,Common,,,
Phaedron,fantasy,noobaiXLNAIXL_vPred075SVersion-Euler-40-5.5-1179137876-2025-01-02,35,impact,12,impact,12,impact,4,slash,8,puncture,8,impact,10,2,Common,,,
Iain Warspike,fantasy,noobaiXLNAIXL_vPred075SVersion-Euler-40-5.5-1179137879-2025-01-02,65,puncture,9,slash,8,impact,4,slash,3,puncture,13,impact,10,2,Common,,,
Ophir Huancie,secret,noobaiXLNAIXL_vPred075SVersion-Euler-40-5.5-1179137882-2025-01-02,89,puncture,9,puncture,9,impact,5,slash,0,puncture,11,impact,12,3,Common,,,
Eryndryth Qetzal,fantasy,noobaiXLNAIXL_vPred075SVersion-Euler-40-5.5-1179137884-2025-01-02,39,puncture,8,slash,5,impact,6,slash,0,puncture,10,impact,12,3,Common,,,
Daire Stormbreaker,fantasy,noobaiXLNAIXL_vPred075SVersion-Euler-40-5.5-1179137886-2025-01-02,53,puncture,12,shield,6,impact,6,slash,11,puncture,11,impact,10,0,Common,Ancient_Runes,,
Ciaran Matej,secret,noobaiXLNAIXL_vPred075SVersion-Euler-40-5.5-1179137887-2025-01-02,46,puncture,8,slash,7,impact,4,slash,2,puncture,0,impact,10,5,Common,,,
Kaelthar Venomspell,fantasy,noobaiXLNAIXL_vPred075SVersion-Euler-40-5.5-1179137888-2025-01-02,84,puncture,1,slash,6,impact,6,slash,2,puncture,2,impact,8,5,Common,,,
Thalzrakulath Grimspell,secret,noobaiXLNAIXL_vPred075SVersion-Euler-40-5.5-1179137889-2025-01-02,48,impact,9,impact,9,impact,8,slash,2,puncture,4,impact,3,5,Common,,,
Evanys,fantasy,noobaiXLNAIXL_vPred075SVersion-Euler-40-5.5-1179137891-2025-01-02,88,puncture,6,slash,8,impact,3,slash,4,puncture,2,impact,7,5,Common,,,
Yvannis,secret,noobaiXLNAIXL_vPred075SVersion-Euler-40-5.5-1179137893-2025-01-02,50,puncture,2,slash,3,impact,3,slash,1,puncture,3,impact,12,4,Common,,,
Drakthar,mroczny,noobaiXLNAIXL_vPred075SVersion-Euler-40-5.5-1179137899-2025-01-02,51,impact,6,puncture,5,impact,8,slash,10,puncture,7,impact,7,2,Common,,,
Cino Warflame,fantasy,noobaiXLNAIXL_vPred075SVersion-Euler-40-5.5-1179137900-2025-01-02,83,impact,9,puncture,3,impact,6,slash,3,puncture,1,impact,8,5,Common,,,
Gharneth Soulflayer,fantasy,noobaiXLNAIXL_vPred075SVersion-Euler-40-5.5-1179137901-2025-01-02,81,impact,2,puncture,3,impact,3,slash,6,puncture,0,impact,9,4,Common,,,
Orlando Thunderblade,fantasy,noobaiXLNAIXL_vPred075SVersion-Euler-40-5.5-1179137902-2025-01-02,41,puncture,5,slash,4,impact,5,slash,8,puncture,6,impact,10,2,Common,Ancient_Runes,,
Finnian Stormrider,mroczny,noobaiXLNAIXL_vPred075SVersion-Euler-40-5.5-1179137904-2025-01-02,54,puncture,1,slash,8,impact,5,slash,4,puncture,9,impact,6,3,Common,,,
Kaelthas,fantasy,noobaiXLNAIXL_vPred075SVersion-Euler-40-5.5-1179137905-2025-01-02,35,puncture,9,slash,8,impact,5,slash,6,puncture,7,impact,8,3,Common,,,
Zynarith Mawk,mroczny,noobaiXLNAIXL_vPred075SVersion-Euler-40-5.5-1179137906-2025-01-02,30,impact,10,impact,10,impact,6,slash,0,puncture,4,impact,2,6,Common,,,
Elara Elowen,fantasy,noobaiXLNAIXL_vPred075SVersion-Euler-40-5.5-1179137907-2025-01-02,28,impact,8,impact,8,impact,7,slash,10,puncture,7,impact,8,2,Common,,,
Skarvex,fantasy,noobaiXLNAIXL_vPred075SVersion-Euler-40-5.5-1179137908-2025-01-02,76,impact,8,impact,8,impact,6,slash,10,puncture,8,impact,5,3,Common,,,
Grimvox,secret,noobaiXLNAIXL_vPred075SVersion-Euler-40-5.5-1179137911-2025-01-02,72,puncture,3,slash,5,impact,7,slash,3,puncture,2,impact,5,5,Common,,,
Vexarathion Blightclaw,fantasy,noobaiXLNAIXL_vPred075SVersion-Euler-40-5.5-1179137913-2025-01-02,39,puncture,5,slash,8,impact,8,slash,12,puncture,6,impact,8,2,Common,,,
Balzephon,fantasy,noobaiXLNAIXL_vPred075SVersion-Euler-40-5.5-1179137915-2025-01-02,46,puncture,6,slash,4,impact,5,slash,0,puncture,3,impact,2,6,Common,,,
Zultharokion Frostspell,fantasy,noobaiXLNAIXL_vPred075SVersion-Euler-40-5.5-1179137916-2025-01-02,30,puncture,11,puncture,11,impact,8,slash,11,puncture,8,impact,11,0,Common,,,
Cythor Anqie,secret,noobaiXLNAIXL_vPred075SVersion-Euler-40-5.5-1179137920-2025-01-02,83,puncture,2,slash,3,impact,8,slash,7,puncture,8,impact,10,2,Common,,,
Idrith Yupie,fantasy,noobaiXLNAIXL_vPred075SVersion-Euler-40-5.5-1179137921-2025-01-02,56,puncture,5,slash,3,impact,7,slash,3,puncture,9,impact,2,4,Common,,,
Senan Warhowl,mroczny,noobaiXLNAIXL_vPred075SVersion-Euler-40-5.5-1179137922-2025-01-02,56,puncture,4,slash,4,impact,5,slash,0,puncture,7,impact,6,5,Common,,,
Syrax,fantasy,noobaiXLNAIXL_vPred075SVersion-Euler-40-5.5-1179137924-2025-01-02,78,puncture,9,shield,8,impact,3,slash,0,puncture,4,impact,5,5,Common,,,
Vaermina,fantasy,noobaiXLNAIXL_vPred075SVersion-Euler-40-5.5-1343613799-2025-01-02,65,puncture,5,shield,9,impact,8,slash,4,puncture,14,impact,12,0,Common,,,
Faelthar,secret,noobaiXLNAIXL_vPred075SVersion-Euler-40-5.5-1343613800-2025-01-02,79,impact,10,impact,10,impact,7,slash,3,puncture,9,impact,3,4,Common,,,
Uldrath,mroczny,noobaiXLNAIXL_vPred075SVersion-Euler-40-5.5-1343613801-2025-01-02,76,puncture,6,slash,6,impact,4,slash,6,puncture,6,impact,3,4,Common,,,
Lauro Zeljko,secret,noobaiXLNAIXL_vPred075SVersion-Euler-40-5.5-1343613802-2025-01-02,56,puncture,2,slash,6,impact,5,slash,0,puncture,6,impact,1,6,Common,,,
Mario Zoran,mroczny,noobaiXLNAIXL_vPred075SVersion-Euler-40-5.5-1343613803-2025-01-02,55,puncture,3,impact,8,impact,4,slash,10,puncture,7,impact,14,0,Ancient_Runes,,,
Iliarith Qoril,secret,noobaiXLNAIXL_vPred075SVersion-Euler-40-5.5-1343613807-2025-01-02,57,puncture,4,slash,4,impact,5,slash,4,puncture,8,impact,3,4,Common,,,
Ebonumbra,secret,noobaiXLNAIXL_vPred075SVersion-Euler-40-5.5-1343613809-2025-01-02,89,puncture,8,shield,10,impact,5,slash,3,puncture,4,impact,6,5,Common,,,
Nethrax,fantasy,noobaiXLNAIXL_vPred075SVersion-Euler-40-5.5-1343613811-2025-01-02,65,impact,12,impact,12,impact,7,slash,10,puncture,4,impact,8,3,Common,,,
Kyrak,fantasy,noobaiXLNAIXL_vPred075SVersion-Euler-40-5.5-1343613812-2025-01-02,67,puncture,1,slash,3,impact,7,slash,8,puncture,6,impact,2,4,Common,,,
Qilvie Cusie,fantasy,noobaiXLNAIXL_vPred075SVersion-Euler-40-5.5-1343613813-2025-01-02,55,impact,7,shield,7,impact,4,slash,7,puncture,10,impact,4,3,Common,,,
Gharnethrak Doomflame,secret,noobaiXLNAIXL_vPred075SVersion-Euler-40-5.5-1343613814-2025-01-02,80,puncture,9,slash,5,impact,7,slash,3,puncture,6,impact,5,4,Common,,,
Yvannis,fantasy,noobaiXLNAIXL_vPred075SVersion-Euler-40-5.5-1343613816-2025-01-02,37,puncture,6,shield,9,impact,8,slash,2,puncture,12,impact,8,3,Common,,,
Zynumbra,mroczny,noobaiXLNAIXL_vPred075SVersion-Euler-40-5.5-1343613817-2025-01-02,59,impact,10,impact,10,impact,6,slash,2,puncture,2,impact,6,5,Common,,,
Vaelie Khonsie,fantasy,noobaiXLNAIXL_vPred075SVersion-Euler-40-5.5-1343613820-2025-01-02,17,puncture,5,slash,6,impact,6,slash,7,puncture,2,impact,5,4,Common,,,
Erynie Qetzie,secret,noobaiXLNAIXL_vPred075SVersion-Euler-40-5.5-1343613821-2025-01-02,23,puncture,6,slash,7,impact,3,slash,7,puncture,10,impact,4,3,Common,,,
Xypherus,fantasy,noobaiXLNAIXL_vPred075SVersion-Euler-40-5.5-1343613822-2025-01-02,48,puncture,8,puncture,8,impact,5,slash,5,puncture,12,impact,3,3,Common,,,
Zephyros Soulthorn,fantasy,noobaiXLNAIXL_vPred075SVersion-Euler-40-5.5-1343613823-2025-01-02,46,puncture,7,shield,1,impact,7,slash,2,puncture,10,impact,2,4,Common,,,
Zultharathion Frostthorn,fantasy,noobaiXLNAIXL_vPred075SVersion-Euler-40-5.5-1343613826-2025-01-02,76,puncture,7,shield,8,impact,8,slash,5,puncture,14,impact,5,2,Common,,,
Astrid Zephyra,fantasy,noobaiXLNAIXL_vPred075SVersion-Euler-40-5.5-1343613830-2025-01-02,65,impact,12,impact,12,impact,7,slash,8,puncture,9,impact,12,1,Common,,,
Dravenarokulion Skullflame,fantasy,noobaiXLNAIXL_vPred075SVersion-Euler-40-5.5-1343613831-2025-01-02,60,impact,9,impact,9,impact,4,slash,4,puncture,7,impact,5,4,Common,Ancient_Runes,,
Erykthos,fantasy,noobaiXLNAIXL_vPred075SVersion-Euler-40-5.5-1343613832-2025-01-02,41,puncture,10,slash,5,impact,5,slash,3,puncture,8,impact,10,3,Common,,,
Qorthax,fantasy,noobaiXLNAIXL_vPred075SVersion-Euler-40-5.5-1343613834-2025-01-02,61,puncture,1,impact,6,impact,5,slash,5,puncture,8,impact,14,1,Common,,,
Tenevox,magic,noobaiXLNAIXL_vPred075SVersion-Euler-40-5.5-1343613835-2025-01-02,67,impact,9,impact,9,impact,8,slash,5,puncture,11,impact,7,3,Rh'lo,Ancient_Runes,Common,
Xarothrakul Rotspire,secret,noobaiXLNAIXL_vPred075SVersion-Euler-40-5.5-1343613836-2025-01-02,35,impact,12,impact,12,impact,4,slash,0,puncture,2,impact,6,5,Common,,,
Xalgaratharok Vileshade,mroczny,noobaiXLNAIXL_vPred075SVersion-Euler-40-5.5-1343613837-2025-01-02,57,impact,7,puncture,7,impact,6,slash,8,puncture,12,impact,4,2,Common,,,
Elara Elowen,fantasy,noobaiXLNAIXL_vPred075SVersion-Euler-40-5.5-1343613838-2025-01-02,21,puncture,3,slash,6,impact,5,slash,0,puncture,6,impact,6,5,Common,,,
Galadrielle Silverleaf,secret,noobaiXLNAIXL_vPred075SVersion-Euler-40-5.5-1343613839-2025-01-02,22,impact,11,impact,11,impact,7,slash,10,puncture,1,impact,8,3,Common,,,
Elowen Tawtie,fantasy,noobaiXLNAIXL_vPred075SVersion-Euler-40-5.5-1343613840-2025-01-02,66,puncture,4,shield,3,impact,3,slash,8,puncture,12,impact,8,1,Common,,,
Lauro Zeljko,secret,noobaiXLNAIXL_vPred075SVersion-Euler-40-5.5-1343613841-2025-01-02,67,puncture,6,slash,5,impact,7,slash,8,puncture,6,impact,8,3,Common,,,
Xara Elowen,secret,noobaiXLNAIXL_vPred075SVersion-Euler-40-5.5-1343613842-2025-01-02,34,impact,9,impact,9,impact,5,slash,2,puncture,7,impact,4,5,Common,,,
Vorgath Soulreaper,fantasy,noobaiXLNAIXL_vPred075SVersion-Euler-40-5.5-1343613843-2025-01-02,49,puncture,11,shield,8,impact,7,slash,5,puncture,10,impact,8,3,Common,,,
Isolthe,mroczny,noobaiXLNAIXL_vPred075SVersion-Euler-40-5.5-1343613844-2025-01-02,64,impact,11,impact,11,impact,4,slash,10,puncture,0,impact,7,4,Common,,,
Zorvath,secret,noobaiXLNAIXL_vPred075SVersion-Euler-40-5.5-1343613845-2025-01-02,74,puncture,5,slash,6,impact,6,slash,8,puncture,4,impact,4,4,Common,,,
Hagan Dobry,magic,noobaiXLNAIXL_vPred075SVersion-Euler-40-5.5-1343613846-2025-01-02,91,puncture,12,puncture,12,impact,4,slash,0,puncture,10,impact,0,5,Rh'lo,,,
Kazadrax,fantasy,noobaiXLNAIXL_vPred075SVersion-Euler-40-5.5-1343613847-2025-01-02,73,puncture,6,slash,3,impact,4,slash,4,puncture,9,impact,6,3,Common,,,
Xalgarathar Bonehymn,mroczny,noobaiXLNAIXL_vPred075SVersion-Euler-40-5.5-1343613849-2025-01-02,49,puncture,10,slash,4,impact,3,slash,4,puncture,5,impact,6,4,Ancient_Runes,Kristalion,,
Faelrynn,secret,noobaiXLNAIXL_vPred075SVersion-Euler-40-5.5-1343613850-2025-01-02,72,puncture,9,puncture,9,impact,3,slash,0,puncture,3,impact,1,6,Common,,,
Vynor Titie,fantasy,noobaiXLNAIXL_vPred075SVersion-Euler-40-5.5-1343613851-2025-01-02,54,puncture,10,shield,5,impact,8,slash,6,puncture,6,impact,5,4,Common,,,
Rhaenor Viracue,secret,noobaiXLNAIXL_vPred075SVersion-Euler-40-5.5-1343613852-2025-01-02,91,puncture,10,slash,4,impact,7,slash,1,puncture,7,impact,3,5,Common,,,
Zhaedrus,fantasy,noobaiXLNAIXL_vPred075SVersion-Euler-40-5.5-1343613853-2025-01-02,74,puncture,2,shield,10,impact,8,slash,4,puncture,10,impact,3,4,Ancient_Runes,Common,,
Balzephon,fantasy,noobaiXLNAIXL_vPred075SVersion-Euler-40-5.5-1343613857-2025-01-02,53,slash,9,slash,9,impact,5,slash,4,puncture,2,impact,7,5,Common,,,
Baelroth,fantasy,noobaiXLNAIXL_vPred075SVersion-Euler-40-5.5-1343613858-2025-01-02,82,puncture,8,shield,9,impact,4,slash,4,puncture,12,impact,4,3,Common,,,
Ebonrynia,fantasy,noobaiXLNAIXL_vPred075SVersion-Euler-40-5.5-1343613859-2025-01-02,71,puncture,9,slash,8,impact,4,slash,7,puncture,9,impact,6,3,Common,,,
Uilliam Thunderblade,mroczny,noobaiXLNAIXL_vPred075SVersion-Euler-40-5.5-1343613860-2025-01-02,50,impact,9,impact,9,impact,5,slash,3,puncture,1,impact,0,6,Common,Ancient_Runes,,
Vorgulthrakathar Blightspire,fantasy,noobaiXLNAIXL_vPred075SVersion-Euler-40-5.5-1343613861-2025-01-02,93,puncture,5,slash,4,impact,8,slash,6,puncture,5,impact,0,5,Common,,,
Gharnethion Soulspire,secret,noobaiXLNAIXL_vPred075SVersion-Euler-40-5.5-1343613862-2025-01-02,81,puncture,8,puncture,8,impact,4,slash,6,puncture,7,impact,9,3,Common,,,
Lirio Ironflame,secret,noobaiXLNAIXL_vPred075SVersion-Euler-40-5.5-1343613863-2025-01-02,38,impact,8,impact,8,impact,5,slash,2,puncture,4,impact,8,4,Common,,,
Vorgulthrak Bonehymn,mroczny,noobaiXLNAIXL_vPred075SVersion-Euler-40-5.5-1343613864-2025-01-02,51,puncture,1,impact,8,impact,5,slash,4,puncture,8,impact,1,5,Common,,,
Ailbe Ironstorm,secret,noobaiXLNAIXL_vPred075SVersion-Euler-40-5.5-1343613866-2025-01-02,89,impact,10,impact,10,impact,5,slash,8,puncture,10,impact,5,3,Common,,,
Lucanor,mroczny,noobaiXLNAIXL_vPred075SVersion-Euler-40-5.5-1343613867-2025-01-02,41,impact,8,impact,8,impact,8,slash,3,puncture,9,impact,3,4,Ancient_Runes,Kristalion,,
Dravoxar,mroczny,noobaiXLNAIXL_vPred075SVersion-Euler-40-5.5-1343613868-2025-01-02,90,puncture,7,slash,8,impact,3,slash,5,puncture,5,impact,0,5,Common,,,
Morgtharath Ashflame,magic,noobaiXLNAIXL_vPred075SVersion-Euler-40-5.5-1343613869-2025-01-02,67,puncture,2,impact,8,impact,8,slash,3,puncture,2,impact,7,5,Common,Rh'lo,,
Xalgarulathion Vilethorn,secret,noobaiXLNAIXL_vPred075SVersion-Euler-40-5.5-1343613870-2025-01-02,63,impact,8,impact,8,impact,4,slash,3,puncture,4,impact,6,5,Common,,,
Gharnethrakion Ashflame,mroczny,noobaiXLNAIXL_vPred075SVersion-Euler-40-5.5-1343613871-2025-01-02,57,puncture,5,slash,5,impact,4,slash,4,puncture,12,impact,10,2,Common,,,
Zethrax Abyssgaze,mroczny,noobaiXLNAIXL_vPred075SVersion-Euler-40-5.5-1343613872-2025-01-02,62,puncture,1,slash,5,impact,5,slash,0,puncture,6,impact,5,5,Common,,,
Lilithra Skullspire,fantasy,noobaiXLNAIXL_vPred075SVersion-Euler-40-5.5-1343613873-2025-01-02,43,impact,8,impact,8,impact,4,slash,2,puncture,4,impact,2,5,Common,,,
Tindrith Bastet,fantasy,noobaiXLNAIXL_vPred075SVersion-Euler-40-5.5-1343613874-2025-01-02,25,puncture,5,slash,6,impact,3,slash,10,puncture,8,impact,6,2,Common,,,
Glanis Srdjan,secret,noobaiXLNAIXL_vPred075SVersion-Euler-40-5.5-1343613875-2025-01-02,66,puncture,5,slash,7,impact,6,slash,6,puncture,7,impact,6,3,Common,,,
Dravenarathok Rotthorn,secret,noobaiXLNAIXL_vPred075SVersion-Euler-40-5.5-1343613877-2025-01-02,45,puncture,5,shield,8,impact,3,slash,7,puncture,5,impact,5,4,Common,,,
Idrith Yupie,fantasy,noobaiXLNAIXL_vPred075SVersion-Euler-40-5.5-1343613878-2025-01-02,99,puncture,3,slash,6,impact,3,slash,10,puncture,10,impact,10,0,Common,,,
Daemion,secret,noobaiXLNAIXL_vPred075SVersion-Euler-40-5.5-1343613879-2025-01-02,85,puncture,4,slash,8,impact,3,slash,4,puncture,2,impact,0,6,Common,,,
Veylvoxis,fantasy,noobaiXLNAIXL_vPred075SVersion-Euler-40-5.5-1343613881-2025-01-02,54,puncture,2,slash,3,impact,3,slash,7,puncture,3,impact,6,4,Common,Kristalion,Ancient_Runes,
Aedan Bozidar,fantasy,noobaiXLNAIXL_vPred075SVersion-Euler-40-5.5-1343613883-2025-01-02,35,puncture,6,slash,7,impact,6,slash,2,puncture,5,impact,4,5,Common,,,
Orlando Radovan,secret,noobaiXLNAIXL_vPred075SVersion-Euler-40-5.5-1343613884-2025-01-02,49,impact,12,impact,12,impact,7,slash,4,puncture,3,impact,6,5,Common,,,
Wrathok,secret,noobaiXLNAIXL_vPred075SVersion-Euler-40-5.5-1343613885-2025-01-02,61,impact,10,impact,10,impact,8,slash,4,puncture,0,impact,5,5,Common,,,
Skarvex,mroczny,noobaiXLNAIXL_vPred075SVersion-Euler-40-5.5-1343613887-2025-01-02,89,impact,11,impact,11,impact,4,slash,1,puncture,2,impact,8,5,Common,,,
Xyroth,mroczny,noobaiXLNAIXL_vPred075SVersion-Euler-40-5.5-1343613888-2025-01-02,72,puncture,9,slash,8,impact,6,slash,1,puncture,7,impact,12,3,Common,,,
Brendan Ironwrath,mroczny,noobaiXLNAIXL_vPred075SVersion-Euler-40-5.5-1343613889-2025-01-02,97,puncture,2,slash,3,impact,4,slash,0,puncture,5,impact,6,5,Common,,,
Zynvolkarathul Necrospire,secret,noobaiXLNAIXL_vPred075SVersion-Euler-40-5.5-1343613890-2025-01-02,27,impact,10,impact,10,impact,3,slash,2,puncture,4,impact,2,5,Common,,,
Saelirith Urqu,fantasy,noobaiXLNAIXL_vPred075SVersion-Euler-40-5.5-1343613891-2025-01-02,64,impact,9,impact,9,impact,6,slash,3,puncture,1,impact,10,4,Common,,,
Vyrelle,magic,noobaiXLNAIXL_vPred075SVersion-Euler-40-5.5-1343613894-2025-01-02,84,puncture,7,slash,4,impact,4,slash,2,puncture,0,impact,5,6,Ancient_Runes,,,
Mordrakarok Netherveil,secret,noobaiXLNAIXL_vPred075SVersion-Euler-40-5.5-1343613895-2025-01-02,36,impact,8,impact,8,impact,4,slash,4,puncture,6,impact,2,5,Common,,,
Thestryl,mroczny,noobaiXLNAIXL_vPred075SVersion-Euler-40-5.5-1343613896-2025-01-02,70,puncture,1,slash,7,impact,7,slash,1,puncture,7,impact,8,4,Common,,,
Santino Niko,fantasy,noobaiXLNAIXL_vPred075SVersion-Euler-40-5.5-1343613897-2025-01-02,32,puncture,10,slash,8,impact,4,slash,9,puncture,4,impact,2,4,Ancient_Runes,Common,Rh'lo,
Kieran Vuk,secret,noobaiXLNAIXL_vPred075SVersion-Euler-40-5.5-1430323475-2025-01-02,99,puncture,6,shield,7,impact,3,slash,2,puncture,2,impact,4,5,Common,,,
Melwyn Darkhunter,fantasy,noobaiXLNAIXL_vPred075SVersion-Euler-40-5.5-1430323477-2025-01-02,37,puncture,5,slash,6,impact,7,slash,9,puncture,11,impact,11,0,Common,,,
Xarothraxion Skullveil,mroczny,noobaiXLNAIXL_vPred075SVersion-Euler-40-5.5-1430323479-2025-01-02,74,puncture,10,shield,5,impact,7,slash,0,puncture,8,impact,7,4,Common,,,
Hecatith Nefer,mroczny,noobaiXLNAIXL_vPred075SVersion-Euler-40-5.5-1430323480-2025-01-02,64,puncture,7,slash,6,impact,4,slash,1,puncture,11,impact,6,3,Common,,,
Jaxor,fantasy,noobaiXLNAIXL_vPred075SVersion-Euler-40-5.5-1430323481-2025-01-02,39,puncture,8,shield,8,impact,6,slash,3,puncture,6,impact,10,3,Ancient_Runes,Common,,
Lyraxa Frostbite,fantasy,noobaiXLNAIXL_vPred075SVersion-Euler-40-5.5-1430323482-2025-01-02,38,puncture,12,puncture,12,impact,4,slash,7,puncture,6,impact,6,3,Common,,,
Xalvyr Grimshade,fantasy,noobaiXLNAIXL_vPred075SVersion-Euler-40-5.5-1430323483-2025-01-02,90,puncture,1,slash,6,impact,4,slash,8,puncture,13,impact,14,0,Common,,,
Vexarathokar Soulshade,secret,noobaiXLNAIXL_vPred075SVersion-Euler-40-5.5-1430323484-2025-01-02,25,puncture,3,slash,7,impact,8,slash,1,puncture,6,impact,9,4,Common,,,
Vrykkarath Rotgaze,secret,noobaiXLNAIXL_vPred075SVersion-Euler-40-5.5-1430323485-2025-01-02,50,puncture,9,shield,3,impact,8,slash,9,puncture,14,impact,3,2,Common,,,
Ravynne,fantasy,noobaiXLNAIXL_vPred075SVersion-Euler-40-5.5-1430323486-2025-01-02,41,puncture,8,slash,7,impact,5,slash,6,puncture,7,impact,2,4,Common,,,
Xalgaratharokar Vilegaze,secret,noobaiXLNAIXL_vPred075SVersion-Euler-40-5.5-1430323487-2025-01-02,68,puncture,2,slash,7,impact,6,slash,0,puncture,12,impact,10,3,Ancient_Runes,,,
Luthie Tawpie,magic,noobaiXLNAIXL_vPred075SVersion-Euler-40-5.5-1430323490-2025-01-02,56,impact,9,impact,9,impact,3,slash,2,puncture,4,impact,3,5,Ancient_Runes,,,
Morrigana,fantasy,noobaiXLNAIXL_vPred075SVersion-Euler-40-5.5-1430323491-2025-01-02,48,puncture,1,slash,6,impact,3,slash,2,puncture,6,impact,4,5,Common,,,
Xylaris,secret,noobaiXLNAIXL_vPred075SVersion-Euler-40-5.5-1430323492-2025-01-02,78,puncture,3,slash,5,impact,5,slash,1,puncture,4,impact,2,6,Common,,,
Krios Bloodhymn,magic,noobaiXLNAIXL_vPred075SVersion-Euler-40-5.5-1430323493-2025-01-02,58,impact,10,impact,10,impact,4,slash,0,puncture,7,impact,7,4,Common,Ancient_Runes,Rh'lo,
Xyphora,secret,noobaiXLNAIXL_vPred075SVersion-Euler-40-5.5-1430323494-2025-01-02,62,impact,11,impact,11,impact,7,slash,2,puncture,4,impact,6,5,Common,,,
Daemion,secret,noobaiXLNAIXL_vPred075SVersion-Euler-40-5.5-1430323495-2025-01-02,46,impact,5,puncture,4,impact,4,slash,2,puncture,2,impact,3,6,Common,,,
Zethraxulath Plaguemaw,fantasy,noobaiXLNAIXL_vPred075SVersion-Euler-40-5.5-1430323496-2025-01-02,66,puncture,12,puncture,12,impact,8,slash,7,puncture,6,impact,10,3,Common,,,
Thalzrakulok Grimveil,secret,noobaiXLNAIXL_vPred075SVersion-Euler-40-5.5-1430323497-2025-01-02,51,impact,9,impact,9,impact,4,slash,3,puncture,5,impact,5,5,Common,,,
Morgtharathul Dreadspell,mroczny,noobaiXLNAIXL_vPred075SVersion-Euler-40-5.5-1430323499-2025-01-02,41,impact,11,impact,11,impact,7,slash,1,puncture,10,impact,7,3,Common,,,
Dravenarokulion Skullflame,mroczny,noobaiXLNAIXL_vPred075SVersion-Euler-40-5.5-1430323500-2025-01-02,50,puncture,8,puncture,8,impact,7,slash,7,puncture,5,impact,2,4,Ancient_Runes,,,
Thandrina,secret,noobaiXLNAIXL_vPred075SVersion-Euler-40-5.5-1430323501-2025-01-02,78,impact,9,impact,9,impact,3,slash,5,puncture,0,impact,7,5,Common,,,
Gharnethulion Wraithveil,fantasy,noobaiXLNAIXL_vPred075SVersion-Euler-40-5.5-1430323502-2025-01-02,75,puncture,8,shield,9,impact,4,slash,1,puncture,9,impact,7,4,Common,,,
Valacyssa Boneveil,fantasy,noobaiXLNAIXL_vPred075SVersion-Euler-40-5.5-1430323504-2025-01-02,43,puncture,5,slash,6,impact,6,slash,1,puncture,6,impact,2,5,Common,,,
Morgtharathar Vileflame,mroczny,noobaiXLNAIXL_vPred075SVersion-Euler-40-5.5-1430323507-2025-01-02,58,puncture,3,slash,4,impact,4,slash,0,puncture,10,impact,11,3,Ancient_Runes,,,
Xymerthra Voidbloom,fantasy,noobaiXLNAIXL_vPred075SVersion-Euler-40-5.5-1430323508-2025-01-02,17,impact,12,impact,12,impact,5,slash,0,puncture,12,impact,9,3,Common,,,
Uldrath,secret,noobaiXLNAIXL_vPred075SVersion-Euler-40-5.5-1430323510-2025-01-02,39,puncture,3,slash,3,impact,5,slash,2,puncture,2,impact,9,5,Common,,,
Thalzrakathion Grimspell,forest,noobaiXLNAIXL_vPred075SVersion-Euler-40-5.5-1430323511-2025-01-02,53,puncture,12,puncture,12,impact,6,slash,0,puncture,8,impact,5,5,Kristalion,,,
Kaeltharok Netherveil,secret,noobaiXLNAIXL_vPred075SVersion-Euler-40-5.5-1430323513-2025-01-02,35,puncture,3,slash,8,impact,4,slash,3,puncture,7,impact,1,5,Common,,,
Hesperis Anup,fantasy,noobaiXLNAIXL_vPred075SVersion-Euler-40-5.5-1430323514-2025-01-02,88,puncture,3,shield,2,impact,4,slash,11,puncture,9,impact,4,2,Common,,,
Sylthia,secret,noobaiXLNAIXL_vPred075SVersion-Euler-40-5.5-1430323517-2025-01-02,69,impact,8,impact,8,impact,4,slash,0,puncture,0,impact,6,6,Common,,,
Jarethor,secret,noobaiXLNAIXL_vPred075SVersion-Euler-40-5.5-1430323519-2025-01-02,90,puncture,8,puncture,8,impact,7,slash,9,puncture,10,impact,6,2,Common,,,
Aerithya Tlaloc,fantasy,noobaiXLNAIXL_vPred075SVersion-Euler-40-5.5-1430323520-2025-01-02,51,puncture,8,shield,1,impact,6,slash,2,puncture,6,impact,7,4,Common,Ancient_Runes,,
Malgrym,secret,noobaiXLNAIXL_vPred075SVersion-Euler-40-5.5-1430323522-2025-01-02,54,puncture,5,slash,8,impact,4,slash,5,puncture,2,impact,10,4,Common,,,
Erebethra Soulflayer,mroczny,noobaiXLNAIXL_vPred075SVersion-Euler-40-5.5-1430323524-2025-01-02,56,impact,9,impact,9,impact,5,slash,1,puncture,8,impact,2,5,Common,,,
Grimoire,fantasy,noobaiXLNAIXL_vPred075SVersion-Euler-40-5.5-1430323525-2025-01-02,47,impact,11,impact,11,impact,3,slash,4,puncture,7,impact,4,4,Common,,,
Korthos Blightfang,secret,noobaiXLNAIXL_vPred075SVersion-Euler-40-5.5-1430323526-2025-01-02,89,impact,12,impact,12,impact,5,slash,10,puncture,4,impact,5,3,Common,,,
Vexarathar Duskbane,fantasy,noobaiXLNAIXL_vPred075SVersion-Euler-40-5.5-1430323527-2025-01-02,73,puncture,10,slash,4,impact,8,slash,2,puncture,12,impact,12,2,Common,Ancient_Runes,,
Kaeltharathar Doomflame,secret,noobaiXLNAIXL_vPred075SVersion-Euler-40-5.5-1430323528-2025-01-02,95,puncture,2,shield,4,impact,7,slash,0,puncture,2,impact,9,5,Common,,,
Rhaegal,secret,noobaiXLNAIXL_vPred075SVersion-Euler-40-5.5-1430323529-2025-01-02,48,puncture,8,slash,7,impact,6,slash,4,puncture,6,impact,6,4,Common,,,
Wistie Yanie,forest,noobaiXLNAIXL_vPred075SVersion-Euler-40-5.5-1430323530-2025-01-02,34,impact,12,impact,12,impact,8,slash,4,puncture,7,impact,2,5,Kristalion,,,
Wrathok,secret,noobaiXLNAIXL_vPred075SVersion-Euler-40-5.5-1430323532-2025-01-02,45,impact,9,impact,9,impact,6,slash,4,puncture,3,impact,3,5,Common,,,
Ebonvoxa,secret,noobaiXLNAIXL_vPred075SVersion-Euler-40-5.5-1430323533-2025-01-02,19,puncture,9,slash,5,impact,4,slash,6,puncture,8,impact,5,3,Common,,,
Saelor Urquie,secret,noobaiXLNAIXL_vPred075SVersion-Euler-40-5.5-1430323534-2025-01-02,86,puncture,8,slash,6,impact,3,slash,4,puncture,5,impact,10,3,Ancient_Runes,,,
Vynarith Titic,fantasy,noobaiXLNAIXL_vPred075SVersion-Euler-40-5.5-1430323535-2025-01-02,19,puncture,6,slash,4,impact,5,slash,2,puncture,8,impact,6,4,Common,,,
Thalzrakathion Grimspell,secret,noobaiXLNAIXL_vPred075SVersion-Euler-40-5.5-1430323536-2025-01-02,42,impact,10,impact,10,impact,4,slash,8,puncture,3,impact,5,4,Common,,,
Jaxanor,secret,noobaiXLNAIXL_vPred075SVersion-Euler-40-5.5-1430323537-2025-01-02,52,puncture,5,slash,4,impact,3,slash,5,puncture,12,impact,11,1,Common,,,
Calypsor,fantasy,noobaiXLNAIXL_vPred075SVersion-Euler-40-5.5-1430323538-2025-01-02,64,puncture,1,slash,4,impact,4,slash,4,puncture,9,impact,5,3,Common,,,
Valkor,fantasy,noobaiXLNAIXL_vPred075SVersion-Euler-40-5.5-1430323541-2025-01-02,64,impact,12,impact,12,impact,7,slash,5,puncture,5,impact,1,5,Common,,,
Naoise Warforge,fantasy,noobaiXLNAIXL_vPred075SVersion-Euler-40-5.5-1430323543-2025-01-02,84,impact,2,puncture,4,impact,8,slash,5,puncture,4,impact,4,5,Common,,,
Xanthessa Grimvein,fantasy,noobaiXLNAIXL_vPred075SVersion-Euler-40-5.5-1430323544-2025-01-02,38,impact,12,impact,12,impact,6,slash,2,puncture,7,impact,3,5,Common,,,
Jazrael,fantasy,noobaiXLNAIXL_vPred075SVersion-Euler-40-5.5-1430323545-2025-01-02,55,puncture,4,shield,2,impact,4,slash,0,puncture,10,impact,10,3,Common,,,
Malachy Sasa,fantasy,noobaiXLNAIXL_vPred075SVersion-Euler-40-5.5-1430323546-2025-01-02,99,puncture,5,shield,7,impact,5,slash,9,puncture,4,impact,5,3,Common,,,
Talia Lysandra,secret,noobaiXLNAIXL_vPred075SVersion-Euler-40-5.5-1430323548-2025-01-02,30,puncture,10,puncture,10,impact,6,slash,6,puncture,4,impact,4,4,Common,,,
Oisin Flameheart,mroczny,noobaiXLNAIXL_vPred075SVersion-Euler-40-5.5-1430323549-2025-01-02,29,impact,10,impact,10,impact,7,slash,9,puncture,6,impact,6,3,Kristalion,,,
Draegor,mroczny,noobaiXLNAIXL_vPred075SVersion-Euler-40-5.5-1430323552-2025-01-02,48,puncture,4,slash,8,impact,3,slash,4,puncture,2,impact,9,4,Common,,,
Keegan Thunderclaw,fantasy,noobaiXLNAIXL_vPred075SVersion-Euler-40-5.5-1430323553-2025-01-02,47,impact,10,impact,10,impact,4,slash,7,puncture,4,impact,8,3,Common,,,
Zynvolkarion Ashhymn,secret,noobaiXLNAIXL_vPred075SVersion-Euler-40-5.5-1430323555-2025-01-02,81,puncture,4,slash,8,impact,6,slash,0,puncture,5,impact,1,6,Common,,,
Xypharion Nethergaze,secret,noobaiXLNAIXL_vPred075SVersion-Euler-40-5.5-1430323556-2025-01-02,39,impact,9,impact,9,impact,8,slash,0,puncture,6,impact,0,6,Common,,,
Thalvryssa Deathspire,secret,noobaiXLNAIXL_vPred075SVersion-Euler-40-5.5-1430323557-2025-01-02,65,puncture,6,slash,5,impact,7,slash,1,puncture,5,impact,11,4,Common,,,
Vorgulthrakion Frostshade,secret,noobaiXLNAIXL_vPred075SVersion-Euler-40-5.5-1430323558-2025-01-02,47,puncture,6,slash,8,impact,3,slash,4,puncture,7,impact,10,3,Common,,,
Cazadrax,fantasy,noobaiXLNAIXL_vPred075SVersion-Euler-40-5.5-1430323561-2025-01-02,57,impact,9,impact,9,impact,4,slash,5,puncture,4,impact,5,4,Kristalion,Rh'lo,,
Nerezza,fantasy,noobaiXLNAIXL_vPred075SVersion-Euler-40-5.5-1430323562-2025-01-02,71,puncture,10,slash,5,impact,7,slash,9,puncture,5,impact,10,2,Common,,,
Nerys Ptahbelle,fantasy,noobaiXLNAIXL_vPred075SVersion-Euler-40-5.5-1430323563-2025-01-02,85,puncture,1,slash,8,impact,8,slash,9,puncture,13,impact,10,0,Common,,,
Briseith Qetzal,secret,noobaiXLNAIXL_vPred075SVersion-Euler-40-5.5-1430323564-2025-01-02,47,impact,11,impact,11,impact,3,slash,0,puncture,14,impact,3,4,Common,,,
Gharnetharul Ashspell,secret,noobaiXLNAIXL_vPred075SVersion-Euler-40-5.5-1430323565-2025-01-02,35,impact,11,impact,11,impact,3,slash,6,puncture,4,impact,6,4,Common,,,
Mirabelle Nyxara,mroczny,noobaiXLNAIXL_vPred075SVersion-Euler-40-5.5-1430323566-2025-01-02,26,puncture,5,slash,7,impact,6,slash,0,puncture,8,impact,2,5,Common,,,
Calanthir Forestspirit,secret,noobaiXLNAIXL_vPred075SVersion-Euler-40-5.5-1430323567-2025-01-02,48,impact,11,impact,11,impact,3,slash,6,puncture,2,impact,8,4,Common,,,
Jaxanor,secret,noobaiXLNAIXL_vPred075SVersion-Euler-40-5.5-1430323568-2025-01-02,65,puncture,5,slash,7,impact,7,slash,4,puncture,5,impact,12,3,Common,,,
Taralynn,forest,noobaiXLNAIXL_vPred075SVersion-Euler-40-5.5-1430323569-2025-01-02,35,puncture,5,impact,6,impact,6,slash,1,puncture,0,impact,6,6,Kristalion,,,
Xythera,secret,noobaiXLNAIXL_vPred075SVersion-Euler-40-5.5-1430323570-2025-01-02,62,puncture,7,slash,6,impact,5,slash,9,puncture,6,impact,5,3,Common,,,
Nerezza,secret,noobaiXLNAIXL_vPred075SVersion-Euler-40-5.5-1430323571-2025-01-02,70,puncture,7,slash,8,impact,5,slash,6,puncture,7,impact,7,3,Common,,,
Ronan Bladestorm,secret,noobaiXLNAIXL_vPred075SVersion-Euler-40-5.5-1430323572-2025-01-02,75,impact,9,impact,9,impact,6,slash,6,puncture,3,impact,0,5,Common,,,
Beppo Thunderfury,secret,noobaiXLNAIXL_vPred075SVersion-Euler-40-5.5-1430323574-2025-01-02,46,impact,8,impact,8,impact,5,slash,9,puncture,3,impact,0,5,Common,,,
Nerys Ptahbelle,fantasy,noobaiXLNAIXL_vPred075SVersion-Euler-40-5.5-1529827154-2025-01-02,46,impact,9,impact,9,impact,8,slash,2,puncture,11,impact,10,3,Rh'lo,,,
Naoise Warforge,fantasy,noobaiXLNAIXL_vPred075SVersion-Euler-40-5.5-1529827161-2025-01-02,87,impact,12,impact,12,impact,7,slash,9,puncture,4,impact,8,3,Ancient_Runes,,,
Synrax,fantasy,noobaiXLNAIXL_vPred075SVersion-Euler-40-5.5-1529827177-2025-01-02,62,puncture,2,slash,4,impact,7,slash,0,puncture,10,impact,12,3,Rh'lo,Common,,
Zethraxarokath Plaguehymn,fantasy,noobaiXLNAIXL_vPred075SVersion-Euler-40-5.5-1529827185-2025-01-02,67,puncture,8,slash,5,impact,5,slash,0,puncture,12,impact,13,2,Ancient_Runes,Common,Rh'lo,
Ciaran Thunderfury,magic,noobaiXLNAIXL_vPred075SVersion-Euler-40-5.5-1529827190-2025-01-02,53,impact,12,impact,12,impact,6,slash,0,puncture,4,impact,7,5,Common,Rh'lo,,
Tomas Frostreaver,magic,noobaiXLNAIXL_vPred075SVersion-Euler-40-5.5-1673044295-2025-01-02,53,impact,9,impact,9,impact,6,slash,5,puncture,2,impact,12,3,Ancient_Runes,,,
Wyzrael,secret,noobaiXLNAIXL_vPred075SVersion-Euler-40-5.5-1673044299-2025-01-02,29,puncture,5,slash,3,impact,4,slash,2,puncture,2,impact,8,5,Common,,,
Azumbra,fantasy,noobaiXLNAIXL_vPred075SVersion-Euler-40-5.5-1673044304-2025-01-02,37,puncture,5,slash,4,impact,7,slash,2,puncture,6,impact,2,5,Common,,,
Eamon Bloodfang,fantasy,noobaiXLNAIXL_vPred075SVersion-Euler-40-5.5-1673044307-2025-01-02,48,puncture,10,slash,7,impact,8,slash,1,puncture,14,impact,6,3,Rh'lo,,,
Paolo Warspike,fantasy,noobaiXLNAIXL_vPred075SVersion-Euler-40-5.5-1673044308-2025-01-02,74,impact,12,impact,12,impact,5,slash,5,puncture,4,impact,6,4,Rh'lo,Ancient_Runes,,
Vorgulthrakion Dreadflame,magic,noobaiXLNAIXL_vPred075SVersion-Euler-40-5.5-1673044309-2025-01-02,25,impact,8,impact,8,impact,4,slash,6,puncture,7,impact,8,3,Rh'lo,Ancient_Runes,Common,
Ysmer Qoribee,magic,noobaiXLNAIXL_vPred075SVersion-Euler-40-5.5-1673044312-2025-01-02,99,impact,11,impact,11,impact,7,slash,2,puncture,3,impact,7,5,Ancient_Runes,Rh'lo,,
Thestryl,mroczny,noobaiXLNAIXL_vPred075SVersion-Euler-40-5.5-1673044314-2025-01-02,68,impact,12,impact,12,impact,6,slash,6,puncture,7,impact,2,4,Common,,,
Vrykkarokion Boneflame,magic,noobaiXLNAIXL_vPred075SVersion-Euler-40-5.5-1673044315-2025-01-02,83,impact,8,impact,8,impact,7,slash,4,puncture,2,impact,4,5,Common,Rh'lo,Ancient_Runes,
Xyraphon,fantasy,noobaiXLNAIXL_vPred075SVersion-Euler-40-5.5-1673044316-2025-01-02,76,puncture,10,slash,4,impact,3,slash,0,puncture,11,impact,0,5,Common,,,
Faelgrim,magic,noobaiXLNAIXL_vPred075SVersion-Euler-40-5.5-1673044318-2025-01-02,77,puncture,7,slash,3,impact,3,slash,7,puncture,0,impact,2,5,Ancient_Runes,,,
Malgrym,magic,noobaiXLNAIXL_vPred075SVersion-Euler-40-5.5-1673044319-2025-01-02,90,puncture,5,slash,4,impact,4,slash,1,puncture,7,impact,4,5,Ancient_Runes,,,
Vexaratharion Soulveil,fantasy,noobaiXLNAIXL_vPred075SVersion-Euler-40-5.5-1673044323-2025-01-02,53,impact,10,impact,10,impact,7,slash,4,puncture,2,impact,11,4,Rh'lo,Common,,
Zynvyrion Ghoulspell,fantasy,noobaiXLNAIXL_vPred075SVersion-Euler-40-5.5-1673044325-2025-01-02,78,puncture,10,shield,1,impact,4,slash,4,puncture,8,impact,7,3,Common,,,
Xarotharath Soulmaw,fantasy,noobaiXLNAIXL_vPred075SVersion-Euler-40-5.5-1673044326-2025-01-02,35,puncture,3,impact,3,impact,7,slash,0,puncture,2,impact,3,6,Common,,,
Korthan Blackvein,fantasy,noobaiXLNAIXL_vPred075SVersion-Euler-40-5.5-1673044331-2025-01-02,84,puncture,3,slash,6,impact,5,slash,6,puncture,9,impact,7,3,Rh'lo,,,
Caelgrim,fantasy,noobaiXLNAIXL_vPred075SVersion-Euler-40-5.5-1673044332-2025-01-02,50,impact,10,impact,10,impact,8,slash,4,puncture,2,impact,3,5,Common,,,
Uzark,fantasy,noobaiXLNAIXL_vPred075SVersion-Euler-40-5.5-1673044333-2025-01-02,40,puncture,7,slash,4,impact,3,slash,4,puncture,4,impact,11,3,Common,,,
Xalgarulokar Vilethorn,mroczny,noobaiXLNAIXL_vPred075SVersion-Euler-40-5.5-1673044334-2025-01-02,31,impact,12,impact,12,impact,8,slash,2,puncture,2,impact,1,6,Rh'lo,Common,Ancient_Runes,
Zynvolkarul Necroshade,fantasy,noobaiXLNAIXL_vPred075SVersion-Euler-40-5.5-1673044337-2025-01-02,45,puncture,2,shield,2,impact,5,slash,0,puncture,10,impact,10,3,Common,,,
Xyroth,secret,noobaiXLNAIXL_vPred075SVersion-Euler-40-5.5-1673044339-2025-01-02,38,puncture,5,slash,4,impact,5,slash,4,puncture,0,impact,7,5,Common,,,
Zivor Suppie,fantasy,noobaiXLNAIXL_vPred075SVersion-Euler-40-5.5-1673044341-2025-01-02,25,puncture,2,slash,6,impact,6,slash,3,puncture,4,impact,8,4,Common,,,
Elio Ironfury,fantasy,noobaiXLNAIXL_vPred075SVersion-Euler-40-5.5-1673044342-2025-01-02,38,impact,9,impact,9,impact,4,slash,3,puncture,3,impact,10,4,Ancient_Runes,,,
Vornash Darkhymn,fantasy,noobaiXLNAIXL_vPred075SVersion-Euler-40-5.5-1673044348-2025-01-02,84,puncture,6,slash,5,impact,7,slash,4,puncture,14,impact,9,1,Common,,,
Malachy Sasa,mroczny,noobaiXLNAIXL_vPred075SVersion-Euler-40-5.5-1673044350-2025-01-02,75,puncture,2,impact,7,impact,7,slash,5,puncture,6,impact,2,5,Common,,,
Lithyssa,fantasy,noobaiXLNAIXL_vPred075SVersion-Euler-40-5.5-1673044352-2025-01-02,42,puncture,7,shield,7,impact,6,slash,4,puncture,10,impact,8,3,Common,,,
Teo Warshadow,magic,noobaiXLNAIXL_vPred075SVersion-Euler-40-5.5-1673044354-2025-01-02,40,puncture,3,slash,6,impact,5,slash,2,puncture,7,impact,7,4,Ancient_Runes,Common,Rh'lo,
Kaeltharathion Doomgaze,magic,noobaiXLNAIXL_vPred075SVersion-Euler-40-5.5-1673044355-2025-01-02,74,impact,9,impact,9,impact,8,slash,0,puncture,0,impact,4,6,Common,,,
Zynvyrathion Necroshade,magic,noobaiXLNAIXL_vPred075SVersion-Euler-40-5.5-1673044358-2025-01-02,78,impact,9,impact,9,impact,4,slash,7,puncture,8,impact,8,3,Ancient_Runes,Rh'lo,Common,
Ulrak,fantasy,noobaiXLNAIXL_vPred075SVersion-Euler-40-5.5-1673044359-2025-01-02,67,puncture,1,slash,3,impact,3,slash,2,puncture,5,impact,8,4,Common,,,
Phaedris,fantasy,noobaiXLNAIXL_vPred075SVersion-Euler-40-5.5-1673044361-2025-01-02,74,puncture,11,shield,8,impact,8,slash,6,puncture,7,impact,14,1,Common,,,
Oisin Flameheart,fantasy,noobaiXLNAIXL_vPred075SVersion-Euler-40-5.5-1673044362-2025-01-02,64,puncture,9,slash,6,impact,7,slash,6,puncture,6,impact,12,2,Rh'lo,Common,Ancient_Runes,
Thalzrakathul Grimspire,fantasy,noobaiXLNAIXL_vPred075SVersion-Euler-40-5.5-1673044363-2025-01-02,66,puncture,10,slash,7,impact,6,slash,4,puncture,7,impact,5,4,Common,,,
Ozymandis,secret,noobaiXLNAIXL_vPred075SVersion-Euler-40-5.5-1673044365-2025-01-02,87,impact,6,puncture,5,impact,7,slash,4,puncture,6,impact,9,3,Common,,,
Mystyss,fantasy,noobaiXLNAIXL_vPred075SVersion-Euler-40-5.5-1673044367-2025-01-02,45,puncture,4,impact,6,impact,8,slash,0,puncture,7,impact,9,4,Common,,,
Zultharathar Frostspell,magic,noobaiXLNAIXL_vPred075SVersion-Euler-40-5.5-1673044368-2025-01-02,47,puncture,5,slash,5,impact,4,slash,4,puncture,0,impact,8,5,Ancient_Runes,,,
Quillan Ironmight,fantasy,noobaiXLNAIXL_vPred075SVersion-Euler-40-5.5-1673044369-2025-01-02,36,impact,6,shield,8,impact,5,slash,6,puncture,5,impact,6,4,Rh'lo,,,
Calior Tiahette,magic,noobaiXLNAIXL_vPred075SVersion-Euler-40-5.5-1673044372-2025-01-02,48,impact,9,impact,9,impact,7,slash,4,puncture,4,impact,3,5,Rh'lo,Ancient_Runes,Common,
Saelor Urquie,fantasy,noobaiXLNAIXL_vPred075SVersion-Euler-40-5.5-1673044373-2025-01-02,48,puncture,7,slash,8,impact,7,slash,3,puncture,9,impact,14,2,Common,,,
Vynther,fantasy,noobaiXLNAIXL_vPred075SVersion-Euler-40-5.5-1673044374-2025-01-02,85,puncture,3,slash,3,impact,6,slash,5,puncture,6,impact,10,3,Ancient_Runes,Common,Rh'lo,
Vornash Darkhymn,fantasy,noobaiXLNAIXL_vPred075SVersion-Euler-40-5.5-1673044375-2025-01-02,25,puncture,6,slash,6,impact,8,slash,2,puncture,8,impact,9,3,Common,,,
Vexarion Dreadshriek,secret,noobaiXLNAIXL_vPred075SVersion-Euler-40-5.5-1673044377-2025-01-02,44,puncture,10,puncture,10,impact,5,slash,8,puncture,6,impact,8,3,Common,,,
Osirion,fantasy,noobaiXLNAIXL_vPred075SVersion-Euler-40-5.5-1673044378-2025-01-02,64,puncture,8,puncture,8,impact,3,slash,12,puncture,5,impact,11,1,Ancient_Runes,Common,,
Qilvor Cusie,fantasy,noobaiXLNAIXL_vPred075SVersion-Euler-40-5.5-1673044379-2025-01-02,76,puncture,8,slash,7,impact,7,slash,11,puncture,8,impact,7,2,Common,,,
Zephyris Quill,fantasy,noobaiXLNAIXL_vPred075SVersion-Euler-40-5.5-1673044380-2025-01-02,63,puncture,8,slash,4,impact,6,slash,9,puncture,10,impact,5,2,Common,,,
Iraelynn,fantasy,noobaiXLNAIXL_vPred075SVersion-Euler-40-5.5-1673044381-2025-01-02,56,puncture,5,slash,3,impact,5,slash,3,puncture,10,impact,12,2,Common,,,
Ravynumbra,magic,noobaiXLNAIXL_vPred075SVersion-Euler-40-5.5-1673044387-2025-01-02,70,puncture,5,slash,7,impact,3,slash,5,puncture,7,impact,10,3,Rh'lo,Common,,
Veylithra,secret,noobaiXLNAIXL_vPred075SVersion-Euler-40-5.5-1673044389-2025-01-02,54,impact,12,impact,12,impact,8,slash,7,puncture,0,impact,8,4,Common,,,
Zelvox,fantasy,noobaiXLNAIXL_vPred075SVersion-Euler-40-5.5-1673044391-2025-01-02,45,puncture,12,shield,6,impact,5,slash,2,puncture,7,impact,11,3,Common,,,
Ciaran Matej,forest,noobaiXLNAIXL_vPred075SVersion-Euler-40-5.5-1675115086-2025-01-02,41,puncture,10,slash,5,impact,5,slash,6,puncture,7,impact,1,4,Kristalion,,,
Valtorina Darkdream,fantasy,noobaiXLNAIXL_vPred075SVersion-Euler-40-5.5-1745498897-2025-01-02,17,impact,9,impact,9,impact,8,slash,6,puncture,3,impact,7,4,Common,,,
Nyxara Seraphine,fantasy,noobaiXLNAIXL_vPred075SVersion-Euler-40-5.5-1745498899-2025-01-02,32,puncture,8,slash,7,impact,4,slash,6,puncture,5,impact,8,3,Common,,,
Kivaraya Ollant,secret,noobaiXLNAIXL_vPred075SVersion-Euler-40-5.5-1745498900-2025-01-02,19,impact,9,impact,9,impact,4,slash,2,puncture,6,impact,1,5,Common,,,
Phaedie Tumie,secret,noobaiXLNAIXL_vPred075SVersion-Euler-40-5.5-1745498902-2025-01-02,27,impact,10,impact,10,impact,5,slash,10,puncture,0,impact,3,5,Common,,,
Vaelor Khonsie,secret,noobaiXLNAIXL_vPred075SVersion-Euler-40-5.5-1745498904-2025-01-02,92,puncture,11,puncture,11,impact,6,slash,2,puncture,2,impact,9,5,Common,,,
Melisarae Frostshade,mroczny,noobaiXLNAIXL_vPred075SVersion-Euler-40-5.5-1745498906-2025-01-02,76,impact,12,impact,12,impact,7,slash,1,puncture,4,impact,4,5,Common,,,
Xypharokul Wraithspell,secret,noobaiXLNAIXL_vPred075SVersion-Euler-40-5.5-1745498908-2025-01-02,72,puncture,2,slash,3,impact,3,slash,12,puncture,6,impact,12,0,Common,,,
Myrvoxis Amaru,secret,noobaiXLNAIXL_vPred075SVersion-Euler-40-5.5-1745498909-2025-01-02,72,puncture,7,slash,8,impact,3,slash,0,puncture,7,impact,4,5,Common,,,
Sarixara Necroshade,fantasy,noobaiXLNAIXL_vPred075SVersion-Euler-40-5.5-1745498914-2025-01-02,20,puncture,5,slash,4,impact,8,slash,0,puncture,1,impact,4,6,Kristalion,Common,,
Hellebor,fantasy,noobaiXLNAIXL_vPred075SVersion-Euler-40-5.5-1745498916-2025-01-02,53,impact,8,impact,8,impact,3,slash,5,puncture,4,impact,1,5,Common,,,
Zorana,mroczny,noobaiXLNAIXL_vPred075SVersion-Euler-40-5.5-1745498917-2025-01-02,54,impact,6,puncture,5,impact,7,slash,3,puncture,4,impact,1,5,Common,,,
Eriolira Starweaver,secret,noobaiXLNAIXL_vPred075SVersion-Euler-40-5.5-1745498918-2025-01-02,38,impact,11,impact,11,impact,4,slash,9,puncture,6,impact,4,3,Common,,,
Galathor,fantasy,noobaiXLNAIXL_vPred075SVersion-Euler-40-5.5-1745498919-2025-01-02,47,puncture,2,slash,4,impact,3,slash,3,puncture,8,impact,10,3,Common,,,
Xanthessa Grimvein,mroczny,noobaiXLNAIXL_vPred075SVersion-Euler-40-5.5-1745498920-2025-01-02,56,puncture,11,puncture,11,impact,5,slash,3,puncture,5,impact,6,4,Common,,,
Mordrix,mroczny,noobaiXLNAIXL_vPred075SVersion-Euler-40-5.5-1745498921-2025-01-02,80,slash,8,slash,8,impact,8,slash,6,puncture,9,impact,3,3,Ancient_Runes,,,
Xarumbra,fantasy,noobaiXLNAIXL_vPred075SVersion-Euler-40-5.5-1745498924-2025-01-02,70,impact,8,impact,8,impact,5,slash,8,puncture,6,impact,5,3,Common,,,
Vynvoxis,secret,noobaiXLNAIXL_vPred075SVersion-Euler-40-5.5-1745498925-2025-01-02,26,impact,8,impact,8,impact,3,slash,6,puncture,3,impact,2,5,Common,,,
Erynie Qetzie,fantasy,noobaiXLNAIXL_vPred075SVersion-Euler-40-5.5-1745498927-2025-01-02,74,puncture,1,slash,4,impact,7,slash,7,puncture,7,impact,9,3,Common,,,
Juno Seraphine,mroczny,noobaiXLNAIXL_vPred075SVersion-Euler-40-5.5-1745498928-2025-01-02,29,puncture,9,puncture,9,impact,8,slash,4,puncture,4,impact,3,5,Common,,,
Vexenya Corpsebloom,fantasy,noobaiXLNAIXL_vPred075SVersion-Euler-40-5.5-1745498929-2025-01-02,23,puncture,2,shield,4,impact,7,slash,10,puncture,9,impact,3,3,Common,,,
Kethriana Shadowfire,mroczny,noobaiXLNAIXL_vPred075SVersion-Euler-40-5.5-1745498930-2025-01-02,75,puncture,5,impact,7,impact,8,slash,6,puncture,6,impact,2,4,Ancient_Runes,,,
Nythrax,mroczny,noobaiXLNAIXL_vPred075SVersion-Euler-40-5.5-1745498931-2025-01-02,72,puncture,5,slash,6,impact,8,slash,10,puncture,11,impact,0,3,Kristalion,,,
Arachne Blackwidow,fantasy,noobaiXLNAIXL_vPred075SVersion-Euler-40-5.5-1745498932-2025-01-02,19,impact,10,impact,10,impact,3,slash,6,puncture,2,impact,4,5,Common,,,
Hecatys,secret,noobaiXLNAIXL_vPred075SVersion-Euler-40-5.5-1745498933-2025-01-02,73,impact,8,puncture,3,impact,5,slash,0,puncture,7,impact,7,4,Common,,,
Eclipsia,secret,noobaiXLNAIXL_vPred075SVersion-Euler-40-5.5-1745498934-2025-01-02,31,impact,10,impact,10,impact,4,slash,7,puncture,8,impact,5,3,Common,,,
Malachy Sasa,fantasy,noobaiXLNAIXL_vPred075SVersion-Euler-40-5.5-1745498937-2025-01-02,56,puncture,10,slash,4,impact,6,slash,2,puncture,8,impact,12,3,Common,,,
Vaelthar Fellshade,mroczny,noobaiXLNAIXL_vPred075SVersion-Euler-40-5.5-1745498940-2025-01-02,36,impact,12,impact,12,impact,7,slash,6,puncture,5,impact,1,5,Kristalion,,,
Xypharul Witherflame,secret,noobaiXLNAIXL_vPred075SVersion-Euler-40-5.5-1745498941-2025-01-02,41,puncture,8,slash,8,impact,6,slash,3,puncture,1,impact,2,6,Ancient_Runes,,,
Morvane Darkfate,fantasy,noobaiXLNAIXL_vPred075SVersion-Euler-40-5.5-1745498945-2025-01-02,39,puncture,2,slash,5,impact,7,slash,1,puncture,6,impact,4,5,Common,,,
Brontie Tlaltie,forest,noobaiXLNAIXL_vPred075SVersion-Euler-40-5.5-1745498947-2025-01-02,19,puncture,7,slash,8,impact,3,slash,4,puncture,7,impact,6,4,Kristalion,,,
Grimvayne,secret,noobaiXLNAIXL_vPred075SVersion-Euler-40-5.5-1745498949-2025-01-02,42,impact,4,shield,7,impact,7,slash,2,puncture,2,impact,7,5,Common,,,
Zynvyrion Ghoulspell,secret,noobaiXLNAIXL_vPred075SVersion-Euler-40-5.5-1745498952-2025-01-02,82,impact,10,impact,10,impact,5,slash,2,puncture,2,impact,3,6,Common,,,
Melwynn Darkfire,fantasy,noobaiXLNAIXL_vPred075SVersion-Euler-40-5.5-1745498954-2025-01-02,64,puncture,3,slash,6,impact,7,slash,1,puncture,0,impact,10,5,Common,,,
Matteo Ironvalor,secret,noobaiXLNAIXL_vPred075SVersion-Euler-40-5.5-1745498955-2025-01-02,37,puncture,2,shield,2,impact,5,slash,9,puncture,11,impact,7,1,Common,,,
Drakthar,fantasy,noobaiXLNAIXL_vPred075SVersion-Euler-40-5.5-1745498956-2025-01-02,65,puncture,2,shield,1,impact,4,slash,9,puncture,7,impact,12,1,Common,,,
Arachnia Webmistress,secret,noobaiXLNAIXL_vPred075SVersion-Euler-40-5.5-1745498958-2025-01-02,19,puncture,1,slash,8,impact,3,slash,3,puncture,2,impact,7,5,Common,,,
Duskumbra,fantasy,noobaiXLNAIXL_vPred075SVersion-Euler-40-5.5-1745498961-2025-01-02,39,puncture,12,shield,6,impact,6,slash,7,puncture,2,impact,10,3,Common,,,
Morgwynn Vilethorn,fantasy,noobaiXLNAIXL_vPred075SVersion-Euler-40-5.5-1745498962-2025-01-02,42,impact,5,puncture,7,impact,5,slash,2,puncture,0,impact,7,5,Common,,,
Orlando Thunderblade,mroczny,noobaiXLNAIXL_vPred075SVersion-Euler-40-5.5-1745498965-2025-01-02,60,puncture,10,puncture,10,impact,7,slash,2,puncture,4,impact,5,5,Kristalion,,,
Delphie Qhapie,mroczny,noobaiXLNAIXL_vPred075SVersion-Euler-40-5.5-1745498966-2025-01-02,68,puncture,6,shield,2,impact,7,slash,9,puncture,11,impact,6,2,Common,,,
Tenevox,fantasy,noobaiXLNAIXL_vPred075SVersion-Euler-40-5.5-1745498967-2025-01-02,41,puncture,5,shield,10,impact,4,slash,5,puncture,4,impact,6,4,Common,,,
Wraithor,forest,noobaiXLNAIXL_vPred075SVersion-Euler-40-5.5-1745498969-2025-01-02,80,puncture,3,slash,3,impact,3,slash,7,puncture,6,impact,5,3,Kristalion,,,
Mirion Topie,secret,noobaiXLNAIXL_vPred075SVersion-Euler-40-5.5-1745498970-2025-01-02,62,puncture,2,slash,5,impact,7,slash,1,puncture,2,impact,5,5,Common,,,
Ravynvox,fantasy,noobaiXLNAIXL_vPred075SVersion-Euler-40-5.5-1745498972-2025-01-02,65,puncture,12,puncture,12,impact,4,slash,4,puncture,9,impact,0,5,Common,,,
Tenevoxar,mroczny,noobaiXLNAIXL_vPred075SVersion-Euler-40-5.5-1745498973-2025-01-02,73,puncture,10,slash,4,impact,3,slash,9,puncture,11,impact,10,0,Common,,,
Thalzur Skullspire,forest,noobaiXLNAIXL_vPred075SVersion-Euler-40-5.5-1745498974-2025-01-02,57,puncture,7,slash,5,impact,4,slash,1,puncture,6,impact,5,5,Kristalion,,,
Zola Elowen,fantasy,noobaiXLNAIXL_vPred075SVersion-Euler-40-5.5-1745498975-2025-01-02,63,puncture,4,slash,4,impact,7,slash,4,puncture,14,impact,6,2,Common,,,
Jorie Chaskie,secret,noobaiXLNAIXL_vPred075SVersion-Euler-40-5.5-1745498976-2025-01-02,43,puncture,9,puncture,9,impact,3,slash,0,puncture,7,impact,0,6,Common,,,
Thalumbra,fantasy,noobaiXLNAIXL_vPred075SVersion-Euler-40-5.5-1745498978-2025-01-02,80,puncture,4,slash,5,impact,7,slash,4,puncture,6,impact,8,3,Common,,,
Uvanis Wiraqie,fantasy,noobaiXLNAIXL_vPred075SVersion-Euler-40-5.5-1745498980-2025-01-02,86,puncture,8,slash,4,impact,4,slash,7,puncture,4,impact,13,2,Common,,,
Zytherix Blightmaw,secret,noobaiXLNAIXL_vPred075SVersion-Euler-40-5.5-1745498982-2025-01-02,32,puncture,3,slash,8,impact,4,slash,6,puncture,5,impact,6,4,Common,,,
Giorgio Frostbane,mroczny,noobaiXLNAIXL_vPred075SVersion-Euler-40-5.5-1745498984-2025-01-02,44,puncture,1,slash,8,impact,5,slash,7,puncture,9,impact,10,2,Common,,,
Ebonumbra,forest,noobaiXLNAIXL_vPred075SVersion-Euler-40-5.5-1745498986-2025-01-02,91,impact,10,impact,10,impact,7,slash,0,puncture,13,impact,7,3,Kristalion,,,
Zola Elowen,mroczny,noobaiXLNAIXL_vPred075SVersion-Euler-40-5.5-1745498988-2025-01-02,67,puncture,3,slash,3,impact,3,slash,9,puncture,4,impact,2,4,Common,,,
Nyktoria Shadowglow,fantasy,noobaiXLNAIXL_vPred075SVersion-Euler-40-5.5-1745498991-2025-01-02,72,puncture,4,slash,8,impact,6,slash,3,puncture,7,impact,7,4,Common,,,
Hecatie Neffie,fantasy,noobaiXLNAIXL_vPred075SVersion-Euler-40-5.5-1745498993-2025-01-02,41,impact,11,impact,11,impact,4,slash,7,puncture,0,impact,2,5,Common,,,
Alaric Thunderlord,fantasy,noobaiXLNAIXL_vPred075SVersion-Euler-40-5.5-1745498994-2025-01-02,58,puncture,12,shield,7,impact,4,slash,6,puncture,9,impact,3,3,Common,,,
Sylvara,fantasy,noobaiXLNAIXL_vPred075SVersion-Euler-40-5.5-1745498995-2025-01-02,59,impact,11,impact,11,impact,5,slash,4,puncture,0,impact,7,5,Common,,,
Zethraxarokar Plagueclaw,mroczny,noobaiXLNAIXL_vPred075SVersion-Euler-40-5.5-1745498996-2025-01-02,37,puncture,11,puncture,11,impact,4,slash,4,puncture,1,impact,5,5,Rh'lo,Ancient_Runes,,
Xanthorae Witherspell,fantasy,noobaiXLNAIXL_vPred075SVersion-Euler-40-5.5-2203535881-2025-01-02,74,impact,11,impact,11,impact,3,slash,2,puncture,4,impact,5,5,Rh'lo,Common,Ancient_Runes,
Tharrosa Bloodrose,fantasy,noobaiXLNAIXL_vPred075SVersion-Euler-40-5.5-2203535882-2025-01-02,45,puncture,1,slash,6,impact,8,slash,3,puncture,7,impact,2,5,Common,,,
Cythereya Anqet,mroczny,noobaiXLNAIXL_vPred075SVersion-Euler-40-5.5-2203535883-2025-01-02,32,impact,12,impact,12,impact,4,slash,2,puncture,2,impact,5,5,Kristalion,,,
Noctivyn,fantasy,noobaiXLNAIXL_vPred075SVersion-Euler-40-5.5-2203535888-2025-01-02,48,puncture,5,impact,8,impact,4,slash,1,puncture,6,impact,4,5,Common,Rh'lo,Ancient_Runes,
Ebonthra,fantasy,noobaiXLNAIXL_vPred075SVersion-Euler-40-5.5-2203535897-2025-01-02,54,impact,10,impact,10,impact,8,slash,0,puncture,6,impact,2,5,Rh'lo,Ancient_Runes,Common,
Zola Thalindra,magic,noobaiXLNAIXL_vPred075SVersion-Euler-40-5.5-2203535900-2025-01-02,17,impact,10,impact,10,impact,4,slash,0,puncture,7,impact,10,4,Common,Ancient_Runes,Rh'lo,
Wynter Morwenna,magic,noobaiXLNAIXL_vPred075SVersion-Euler-40-5.5-2203535902-2025-01-02,36,impact,9,impact,9,impact,3,slash,4,puncture,10,impact,8,3,Rh'lo,Ancient_Runes,Common,
Qwynnie Coyette,fantasy,noobaiXLNAIXL_vPred075SVersion-Euler-40-5.5-2203535903-2025-01-02,75,impact,11,impact,11,impact,6,slash,7,puncture,9,impact,7,3,Common,Rh'lo,Ancient_Runes,
Vorgathia Mirestalker,mroczny,noobaiXLNAIXL_vPred075SVersion-Euler-40-5.5-2203535905-2025-01-02,72,puncture,9,slash,3,impact,7,slash,8,puncture,5,impact,8,3,Ancient_Runes,,,
Keira Thalindra,magic,noobaiXLNAIXL_vPred075SVersion-Euler-40-5.5-2203535907-2025-01-02,37,impact,12,impact,12,impact,4,slash,7,puncture,7,impact,9,3,Rh'lo,Common,Ancient_Runes,
Eirabell Battlecry,fantasy,noobaiXLNAIXL_vPred075SVersion-Euler-40-5.5-2203535912-2025-01-02,37,puncture,10,slash,4,impact,3,slash,8,puncture,4,impact,6,3,Common,Rh'lo,,
Xylonia Wulfric,secret,noobaiXLNAIXL_vPred075SVersion-Euler-40-5.5-2203535915-2025-01-02,56,puncture,10,puncture,10,impact,5,slash,10,puncture,2,impact,8,3,Common,,,
Vorthyssa Dreadmaw,fantasy,noobaiXLNAIXL_vPred075SVersion-Euler-40-5.5-2203535921-2025-01-02,24,puncture,6,slash,3,impact,4,slash,0,puncture,7,impact,4,5,Common,,,
Elara Elowen,fantasy,noobaiXLNAIXL_vPred075SVersion-Euler-40-5.5-2203535933-2025-01-02,27,puncture,10,puncture,10,impact,3,slash,1,puncture,5,impact,2,5,Common,,,
Duskara,secret,noobaiXLNAIXL_vPred075SVersion-Euler-40-5.5-2203535934-2025-01-02,29,impact,11,impact,11,impact,6,slash,7,puncture,2,impact,1,5,Common,,,
Morwenna Elowen,fantasy,noobaiXLNAIXL_vPred075SVersion-Euler-40-5.5-2203535936-2025-01-02,17,puncture,4,shield,4,impact,7,slash,5,puncture,6,impact,3,4,Common,,,
Eriolira Starweaver,fantasy,noobaiXLNAIXL_vPred075SVersion-Euler-40-5.5-2203535942-2025-01-02,70,puncture,3,slash,4,impact,8,slash,5,puncture,8,impact,7,3,Common,,,
Maevi Puffora,fantasy,noobaiXLNAIXL_vPred075SVersion-Euler-40-5.5-2203535948-2025-01-02,35,puncture,4,slash,8,impact,4,slash,10,puncture,8,impact,5,3,Common,,,
Fauna Aelindra,fantasy,noobaiXLNAIXL_vPred075SVersion-Euler-40-5.5-2203535953-2025-01-02,74,impact,10,impact,10,impact,4,slash,6,puncture,2,impact,4,5,Common,,,
Eiravyn Starweaver,fantasy,noobaiXLNAIXL_vPred075SVersion-Euler-40-5.5-2203535956-2025-01-02,54,puncture,2,slash,5,impact,3,slash,8,puncture,7,impact,8,3,Common,,,
Xanphira Necrospell,fantasy,noobaiXLNAIXL_vPred075SVersion-Euler-40-5.5-2203535962-2025-01-02,36,impact,9,impact,9,impact,7,slash,5,puncture,3,impact,4,5,Common,,,
Elrythia,secret,noobaiXLNAIXL_vPred075SVersion-Euler-40-5.5-2203535963-2025-01-02,69,impact,12,impact,12,impact,4,slash,1,puncture,5,impact,0,6,Common,,,
Karthos Blightshade,fantasy,noobaiXLNAIXL_vPred075SVersion-Euler-40-5.5-2233937240-2025-01-02,84,puncture,9,shield,7,impact,5,slash,0,puncture,6,impact,6,5,Common,,,
Faelindra Machara,mroczny,noobaiXLNAIXL_vPred075SVersion-Euler-40-5.5-2233937241-2025-01-02,58,puncture,2,slash,5,impact,7,slash,8,puncture,7,impact,9,2,Common,,,
Brynja Battlequeen,fantasy,noobaiXLNAIXL_vPred075SVersion-Euler-40-5.5-2233937242-2025-01-02,75,puncture,8,puncture,8,impact,7,slash,2,puncture,1,impact,6,5,Common,,,
Zarie Intipie,forest,noobaiXLNAIXL_vPred075SVersion-Euler-40-5.5-2233937243-2025-01-02,55,puncture,7,slash,3,impact,4,slash,0,puncture,5,impact,0,6,Kristalion,,,
Throkkmora Battlecry,mroczny,noobaiXLNAIXL_vPred075SVersion-Euler-40-5.5-2233937246-2025-01-02,62,impact,6,puncture,5,impact,7,slash,3,puncture,6,impact,3,5,Common,,,
Fionn Skybreaker,fantasy,noobaiXLNAIXL_vPred075SVersion-Euler-40-5.5-2233937247-2025-01-02,60,impact,9,impact,9,impact,5,slash,5,puncture,3,impact,6,4,Rh'lo,Ancient_Runes,Common,
Xypharokarion Wraiththorn,fantasy,noobaiXLNAIXL_vPred075SVersion-Euler-40-5.5-2233937248-2025-01-02,90,puncture,8,slash,5,impact,3,slash,2,puncture,7,impact,6,4,Common,,,
Cian Thunderlord,fantasy,noobaiXLNAIXL_vPred075SVersion-Euler-40-5.5-2233937250-2025-01-02,34,impact,9,impact,9,impact,4,slash,1,puncture,6,impact,10,4,Common,,,
Iarla Jaromir,secret,noobaiXLNAIXL_vPred075SVersion-Euler-40-5.5-2233937251-2025-01-02,43,impact,11,impact,11,impact,3,slash,3,puncture,6,impact,7,4,Common,,,
Xarothos Necroflame,secret,noobaiXLNAIXL_vPred075SVersion-Euler-40-5.5-2233937252-2025-01-02,64,impact,8,puncture,3,impact,5,slash,3,puncture,0,impact,5,5,Common,,,
Helena Zephyra,secret,noobaiXLNAIXL_vPred075SVersion-Euler-40-5.5-2233937255-2025-01-02,40,impact,9,impact,9,impact,6,slash,7,puncture,1,impact,1,5,Common,,,
Xanphira Necrospell,fantasy,noobaiXLNAIXL_vPred075SVersion-Euler-40-5.5-2233937256-2025-01-02,20,puncture,3,slash,5,impact,4,slash,7,puncture,7,impact,8,3,Common,,,
Thalgorion Frostspire,secret,noobaiXLNAIXL_vPred075SVersion-Euler-40-5.5-2233937257-2025-01-02,62,puncture,9,slash,8,impact,6,slash,3,puncture,4,impact,5,5,Common,,,
Ebonvoxa,mroczny,noobaiXLNAIXL_vPred075SVersion-Euler-40-5.5-2233937260-2025-01-02,53,impact,8,impact,8,impact,6,slash,8,puncture,5,impact,7,3,Common,,,
Vexor,mroczny,noobaiXLNAIXL_vPred075SVersion-Euler-40-5.5-2233937264-2025-01-02,71,puncture,6,slash,3,impact,6,slash,7,puncture,9,impact,10,2,Common,,,
Tiziano Stormreaver,mroczny,noobaiXLNAIXL_vPred075SVersion-Euler-40-5.5-2233937266-2025-01-02,86,puncture,10,slash,4,impact,5,slash,0,puncture,3,impact,9,5,Common,,,
Brendan Ironwrath,fantasy,noobaiXLNAIXL_vPred075SVersion-Euler-40-5.5-2233937272-2025-01-02,85,puncture,6,slash,6,impact,3,slash,11,puncture,7,impact,11,1,Common,,,
Erykthos,secret,noobaiXLNAIXL_vPred075SVersion-Euler-40-5.5-2233937277-2025-01-02,87,puncture,11,puncture,11,impact,7,slash,2,puncture,2,impact,4,5,Common,,,
Eiravynne Starlight,mroczny,noobaiXLNAIXL_vPred075SVersion-Euler-40-5.5-2233937282-2025-01-02,15,puncture,8,puncture,8,impact,5,slash,2,puncture,9,impact,2,5,Common,,,
Eirlys Sunblaze,mroczny,noobaiXLNAIXL_vPred075SVersion-Euler-40-5.5-2233937283-2025-01-02,44,impact,11,impact,11,impact,4,slash,2,puncture,11,impact,5,3,Common,,,
Lyraxa Frostbite,secret,noobaiXLNAIXL_vPred075SVersion-Euler-40-5.5-2233937284-2025-01-02,18,impact,11,impact,11,impact,3,slash,6,puncture,1,impact,9,4,Common,,,
Nova Thalindra,secret,noobaiXLNAIXL_vPred075SVersion-Euler-40-5.5-2233937285-2025-01-02,34,puncture,2,slash,5,impact,4,slash,0,puncture,6,impact,5,5,Common,,,
Galadryth Intiq,fantasy,noobaiXLNAIXL_vPred075SVersion-Euler-40-5.5-2233937286-2025-01-02,64,impact,11,impact,11,impact,6,slash,4,puncture,0,impact,6,5,Common,,,
Nyxara Seraphine,fantasy,noobaiXLNAIXL_vPred075SVersion-Euler-40-5.5-2233937289-2025-01-02,61,impact,8,impact,8,impact,3,slash,2,puncture,3,impact,4,5,Common,,,
Yara Morwenna,fantasy,noobaiXLNAIXL_vPred075SVersion-Euler-40-5.5-2233937290-2025-01-02,26,impact,3,puncture,3,impact,5,slash,7,puncture,0,impact,9,4,Common,,,
Gharnethrakul Ashveil,secret,noobaiXLNAIXL_vPred075SVersion-Euler-40-5.5-2233937291-2025-01-02,75,puncture,9,slash,5,impact,3,slash,3,puncture,1,impact,6,5,Common,,,
Xymerthra Voidbloom,mroczny,noobaiXLNAIXL_vPred075SVersion-Euler-40-5.5-2233937292-2025-01-02,46,puncture,8,slash,8,impact,5,slash,5,puncture,2,impact,2,5,Common,,,
Arachnea Venomspire,fantasy,noobaiXLNAIXL_vPred075SVersion-Euler-40-5.5-2233937293-2025-01-02,32,puncture,2,slash,8,impact,5,slash,1,puncture,14,impact,2,4,Common,,,
Celeste Isolde,fantasy,noobaiXLNAIXL_vPred075SVersion-Euler-40-5.5-2233937295-2025-01-02,35,puncture,8,shield,10,impact,5,slash,6,puncture,3,impact,6,4,Common,,,
Lyrielle Tazara,fantasy,noobaiXLNAIXL_vPred075SVersion-Euler-40-5.5-2233937296-2025-01-02,59,puncture,4,shield,4,impact,6,slash,8,puncture,4,impact,4,4,Common,,,
Vorgulthrakath Blighthymn,fantasy,noobaiXLNAIXL_vPred075SVersion-Euler-40-5.5-2233937300-2025-01-02,90,puncture,9,slash,8,impact,6,slash,4,puncture,4,impact,10,3,Common,,,
Krios Bloodhymn,secret,noobaiXLNAIXL_vPred075SVersion-Euler-40-5.5-2233937304-2025-01-02,27,impact,8,impact,8,impact,5,slash,4,puncture,2,impact,10,4,Common,,,
Morgwynthra Ashspire,fantasy,noobaiXLNAIXL_vPred075SVersion-Euler-40-5.5-2233937305-2025-01-02,15,puncture,11,puncture,11,impact,3,slash,2,puncture,3,impact,9,4,Common,,,
Glorie Intipie,fantasy,noobaiXLNAIXL_vPred075SVersion-Euler-40-5.5-2233937307-2025-01-02,60,impact,12,impact,12,impact,8,slash,9,puncture,2,impact,9,3,Common,,,
Thestryl,fantasy,noobaiXLNAIXL_vPred075SVersion-Euler-40-5.5-2233937308-2025-01-02,63,puncture,9,slash,4,impact,5,slash,5,puncture,10,impact,0,4,Common,,,
Aerie Tlallie,fantasy,noobaiXLNAIXL_vPred075SVersion-Euler-40-5.5-2233937311-2025-01-02,19,impact,9,impact,9,impact,8,slash,7,puncture,2,impact,10,3,Common,,,
Valacara Deathspell,secret,noobaiXLNAIXL_vPred075SVersion-Euler-40-5.5-2233937312-2025-01-02,70,puncture,9,slash,3,impact,6,slash,0,puncture,0,impact,9,5,Common,,,
Milo Thunderforge,fantasy,noobaiXLNAIXL_vPred075SVersion-Euler-40-5.5-2233937313-2025-01-02,47,puncture,4,slash,4,impact,6,slash,9,puncture,7,impact,5,3,Common,,,
Saphie Sekhmie,secret,noobaiXLNAIXL_vPred075SVersion-Euler-40-5.5-2233937316-2025-01-02,85,puncture,7,slash,3,impact,5,slash,1,puncture,4,impact,4,5,Common,,,
Zynvyrathion Necroshade,fantasy,noobaiXLNAIXL_vPred075SVersion-Euler-40-5.5-2233937317-2025-01-02,65,impact,8,impact,8,impact,4,slash,5,puncture,7,impact,6,3,Common,Rh'lo,,
Jormax,secret,noobaiXLNAIXL_vPred075SVersion-Euler-40-5.5-2233937318-2025-01-02,88,puncture,4,slash,7,impact,5,slash,10,puncture,7,impact,8,2,Common,,,
Xarenza Dragonheart,fantasy,noobaiXLNAIXL_vPred075SVersion-Euler-40-5.5-2233937320-2025-01-02,21,puncture,4,shield,10,impact,7,slash,2,puncture,10,impact,6,3,Common,,,
Pyri Sekhette,fantasy,noobaiXLNAIXL_vPred075SVersion-Euler-40-5.5-2233937321-2025-01-02,50,puncture,1,slash,7,impact,3,slash,10,puncture,8,impact,4,3,Common,,,
Faelie Mancie,fantasy,noobaiXLNAIXL_vPred075SVersion-Euler-40-5.5-2233937322-2025-01-02,69,puncture,3,slash,7,impact,3,slash,2,puncture,13,impact,9,2,Common,Ancient_Runes,,
Glorianith Intir,mroczny,noobaiXLNAIXL_vPred075SVersion-Euler-40-5.5-2233937323-2025-01-02,42,puncture,6,slash,4,impact,6,slash,7,puncture,6,impact,7,3,Common,,,
Saphirith Sekhm,fantasy,noobaiXLNAIXL_vPred075SVersion-Euler-40-5.5-2233937324-2025-01-02,18,puncture,7,slash,6,impact,5,slash,2,puncture,7,impact,7,4,Common,,,
Fauna Aelindra,fantasy,noobaiXLNAIXL_vPred075SVersion-Euler-40-5.5-2233937326-2025-01-02,36,puncture,10,shield,4,impact,7,slash,2,puncture,6,impact,7,4,Common,,,
Uvaniath Wiraq,fantasy,noobaiXLNAIXL_vPred075SVersion-Euler-40-5.5-2233937327-2025-01-02,26,puncture,2,slash,6,impact,6,slash,7,puncture,4,impact,9,3,Common,,,
Freya Lysandra,fantasy,noobaiXLNAIXL_vPred075SVersion-Euler-40-5.5-2233937328-2025-01-02,23,puncture,4,slash,6,impact,7,slash,9,puncture,2,impact,10,3,Common,,,
Vryxarok Soulshriek,fantasy,noobaiXLNAIXL_vPred075SVersion-Euler-40-5.5-2233937330-2025-01-02,57,puncture,11,shield,7,impact,3,slash,9,puncture,4,impact,7,3,Common,,,
Morwenna Elowen,mroczny,noobaiXLNAIXL_vPred075SVersion-Euler-40-5.5-2233937331-2025-01-02,22,puncture,9,slash,8,impact,6,slash,10,puncture,3,impact,2,4,Common,,,
Myrkulthra Boneweaver,fantasy,noobaiXLNAIXL_vPred075SVersion-Euler-40-5.5-2233937334-2025-01-02,57,puncture,6,slash,3,impact,3,slash,3,puncture,5,impact,4,5,Common,,,
Gharnetharok Ashgaze,fantasy,noobaiXLNAIXL_vPred075SVersion-Euler-40-5.5-2233937335-2025-01-02,36,impact,8,impact,8,impact,4,slash,2,puncture,4,impact,2,5,Ancient_Runes,Rh'lo,,
Jaraxus,fantasy,noobaiXLNAIXL_vPred075SVersion-Euler-40-5.5-2233937336-2025-01-02,51,impact,9,puncture,8,impact,3,slash,0,puncture,2,impact,4,6,Common,,,
Qinvaris,fantasy,noobaiXLNAIXL_vPred075SVersion-Euler-40-5.5-2233937337-2025-01-02,76,puncture,8,puncture,8,impact,4,slash,5,puncture,9,impact,0,4,Common,,,
Vrykolak Mournshade,mroczny,noobaiXLNAIXL_vPred075SVersion-Euler-40-5.5-2233937338-2025-01-02,50,impact,8,impact,8,impact,5,slash,8,puncture,9,impact,7,2,Common,,,
Vorgulthrakath Blightshriek,mroczny,noobaiXLNAIXL_vPred075SVersion-Euler-40-5.5-2233937339-2025-01-02,62,puncture,9,slash,7,impact,4,slash,7,puncture,9,impact,7,3,Ancient_Runes,,,
Lirvoxis,fantasy,noobaiXLNAIXL_vPred075SVersion-Euler-40-5.5-2256727761-2025-01-02,29,impact,11,impact,11,impact,3,slash,3,puncture,1,impact,5,5,Common,,,
Hecatara Soulscourge,fantasy,noobaiXLNAIXL_vPred075SVersion-Euler-40-5.5-2285532080-2025-01-02,53,impact,11,impact,11,impact,8,slash,9,puncture,6,impact,11,2,Common,,,
Morvane Darkmagic,fantasy,noobaiXLNAIXL_vPred075SVersion-Euler-40-5.5-2285532083-2025-01-02,32,puncture,1,slash,5,impact,5,slash,7,puncture,0,impact,3,5,Common,,,
Niall Radoslav,mroczny,noobaiXLNAIXL_vPred075SVersion-Euler-40-5.5-2285532087-2025-01-02,88,puncture,10,puncture,10,impact,7,slash,3,puncture,7,impact,2,5,Common,,,
Xalgaratharion Vilespire,secret,noobaiXLNAIXL_vPred075SVersion-Euler-40-5.5-2285532089-2025-01-02,92,impact,8,impact,8,impact,8,slash,2,puncture,0,impact,0,0,Common,,,
Nyktoria Shadowdancer,secret,noobaiXLNAIXL_vPred075SVersion-Euler-40-5.5-2285532090-2025-01-02,31,impact,10,impact,10,impact,4,slash,4,puncture,1,impact,6,5,Common,,,
Lithyssa,fantasy,noobaiXLNAIXL_vPred075SVersion-Euler-40-5.5-2285532091-2025-01-02,79,puncture,3,impact,3,impact,7,slash,3,puncture,4,impact,8,4,Ancient_Runes,Rh'lo,Common,
Xanthorae Witherspell,fantasy,noobaiXLNAIXL_vPred075SVersion-Euler-40-5.5-2285532093-2025-01-02,74,puncture,10,slash,6,impact,6,slash,3,puncture,8,impact,0,5,Common,Ancient_Runes,,
Lirvoxis,secret,noobaiXLNAIXL_vPred075SVersion-Euler-40-5.5-2285532095-2025-01-02,18,puncture,9,puncture,9,impact,5,slash,3,puncture,6,impact,8,4,Common,,,
Ixidor,fantasy,noobaiXLNAIXL_vPred075SVersion-Euler-40-5.5-2285532096-2025-01-02,77,puncture,5,shield,3,impact,7,slash,3,puncture,6,impact,9,3,Common,,,
Delphie Qhapie,fantasy,noobaiXLNAIXL_vPred075SVersion-Euler-40-5.5-2285532097-2025-01-02,42,puncture,11,puncture,11,impact,3,slash,0,puncture,5,impact,6,5,Common,,,
Maelor Qetzie,magic,noobaiXLNAIXL_vPred075SVersion-Euler-40-5.5-2285532098-2025-01-02,89,impact,9,impact,9,impact,7,slash,2,puncture,7,impact,2,5,Ancient_Runes,Common,,
Seraphis Ankhie,fantasy,noobaiXLNAIXL_vPred075SVersion-Euler-40-5.5-2285532099-2025-01-02,36,puncture,8,shield,1,impact,7,slash,0,puncture,13,impact,5,3,Common,,,
Naevyssa Quilla,fantasy,noobaiXLNAIXL_vPred075SVersion-Euler-40-5.5-2285532101-2025-01-02,34,puncture,7,slash,4,impact,5,slash,8,puncture,11,impact,8,1,Ancient_Runes,,,
Calanthira Forestheart,fantasy,noobaiXLNAIXL_vPred075SVersion-Euler-40-5.5-2285532104-2025-01-02,37,puncture,10,slash,7,impact,7,slash,2,puncture,11,impact,12,2,Common,,,
Tadhg Warspike,secret,noobaiXLNAIXL_vPred075SVersion-Euler-40-5.5-2285532105-2025-01-02,84,puncture,3,slash,7,impact,3,slash,4,puncture,9,impact,7,3,Common,,,
Xarothraxion Skullveil,forest,noobaiXLNAIXL_vPred075SVersion-Euler-40-5.5-2285532106-2025-01-02,66,puncture,4,slash,6,impact,6,slash,4,puncture,3,impact,7,4,Kristalion,,,
Zarie Intipie,secret,noobaiXLNAIXL_vPred075SVersion-Euler-40-5.5-2285532108-2025-01-02,70,puncture,1,slash,4,impact,8,slash,2,puncture,6,impact,9,4,Common,,,
Tarynie Ptahie,fantasy,noobaiXLNAIXL_vPred075SVersion-Euler-40-5.5-2285532109-2025-01-02,53,impact,8,impact,8,impact,6,slash,4,puncture,3,impact,0,6,Common,,,
Xeridian Nightshade,fantasy,noobaiXLNAIXL_vPred075SVersion-Euler-40-5.5-2285532111-2025-01-02,35,impact,10,impact,10,impact,5,slash,5,puncture,0,impact,4,5,Common,Ancient_Runes,,
Azrithia,fantasy,noobaiXLNAIXL_vPred075SVersion-Euler-40-5.5-2285532112-2025-01-02,31,impact,9,impact,9,impact,3,slash,4,puncture,0,impact,9,5,Common,,,
Umberto Ironclad,fantasy,noobaiXLNAIXL_vPred075SVersion-Euler-40-5.5-2285532113-2025-01-02,97,impact,10,impact,10,impact,5,slash,7,puncture,6,impact,2,4,Rh'lo,Ancient_Runes,Common,
Xarvoxar,secret,noobaiXLNAIXL_vPred075SVersion-Euler-40-5.5-2285532114-2025-01-02,28,puncture,10,slash,7,impact,8,slash,5,puncture,3,impact,1,5,Common,,,
Xyraphon,secret,noobaiXLNAIXL_vPred075SVersion-Euler-40-5.5-2285532115-2025-01-02,70,impact,10,impact,10,impact,6,slash,0,puncture,5,impact,5,5,Common,,,
Yara Morwenna,mroczny,noobaiXLNAIXL_vPred075SVersion-Euler-40-5.5-2285532116-2025-01-02,35,impact,12,impact,12,impact,6,slash,9,puncture,3,impact,9,3,Common,,,
Sarixel Witherthorn,secret,noobaiXLNAIXL_vPred075SVersion-Euler-40-5.5-2285532118-2025-01-02,45,impact,12,impact,12,impact,6,slash,6,puncture,2,impact,8,4,Common,,,
Kavan Zoran,magic,noobaiXLNAIXL_vPred075SVersion-Euler-40-5.5-2285532121-2025-01-02,87,impact,11,impact,11,impact,5,slash,6,puncture,1,impact,5,5,Common,Ancient_Runes,Rh'lo,
Aurora Zephyra,fantasy,noobaiXLNAIXL_vPred075SVersion-Euler-40-5.5-2285532122-2025-01-02,30,puncture,5,slash,5,impact,7,slash,8,puncture,0,impact,4,5,Common,,,
Zelthar,secret,noobaiXLNAIXL_vPred075SVersion-Euler-40-5.5-2285532123-2025-01-02,78,puncture,4,slash,3,impact,7,slash,9,puncture,4,impact,7,3,Common,,,
Thestryl,secret,noobaiXLNAIXL_vPred075SVersion-Euler-40-5.5-2285532124-2025-01-02,51,impact,11,impact,11,impact,8,slash,2,puncture,2,impact,3,6,Common,,,
Erebethra Soulflayer,fantasy,noobaiXLNAIXL_vPred075SVersion-Euler-40-5.5-2285532125-2025-01-02,43,puncture,2,slash,6,impact,7,slash,2,puncture,5,impact,11,3,Common,,,
Glorian Intipie,secret,noobaiXLNAIXL_vPred075SVersion-Euler-40-5.5-2285532128-2025-01-02,48,slash,8,slash,8,impact,7,slash,3,puncture,5,impact,6,4,Common,,,
Umbrivox,mroczny,noobaiXLNAIXL_vPred075SVersion-Euler-40-5.5-2285532130-2025-01-02,54,puncture,1,slash,5,impact,3,slash,6,puncture,0,impact,9,4,Common,,,
Eirabell Battleborn,fantasy,noobaiXLNAIXL_vPred075SVersion-Euler-40-5.5-2285532131-2025-01-02,82,puncture,2,shield,1,impact,6,slash,4,puncture,4,impact,8,4,Common,,,
Callista Seraphine,secret,noobaiXLNAIXL_vPred075SVersion-Euler-40-5.5-2285532132-2025-01-02,38,impact,10,impact,10,impact,4,slash,5,puncture,4,impact,1,5,Common,,,
Sylvi Coyette,secret,noobaiXLNAIXL_vPred075SVersion-Euler-40-5.5-2285532133-2025-01-02,76,impact,10,puncture,5,impact,7,slash,4,puncture,7,impact,0,5,Common,,,
Heliorith Neith,secret,noobaiXLNAIXL_vPred075SVersion-Euler-40-5.5-2285532134-2025-01-02,73,impact,11,impact,11,impact,3,slash,3,puncture,6,impact,8,4,Common,,,
Throkkmora Battlecry,mroczny,noobaiXLNAIXL_vPred075SVersion-Euler-40-5.5-2285532138-2025-01-02,75,puncture,5,impact,7,impact,4,slash,0,puncture,10,impact,2,5,Rh'lo,,,
Hellebor,fantasy,noobaiXLNAIXL_vPred075SVersion-Euler-40-5.5-2285532140-2025-01-02,96,puncture,8,puncture,8,impact,3,slash,2,puncture,10,impact,9,3,Kristalion,Common,,
Azarathys Blackthorn,mroczny,noobaiXLNAIXL_vPred075SVersion-Euler-40-5.5-2285532142-2025-01-02,76,impact,8,impact,8,impact,4,slash,7,puncture,13,impact,0,3,Common,,,
Ophie Huancie,secret,noobaiXLNAIXL_vPred075SVersion-Euler-40-5.5-2285532143-2025-01-02,40,impact,8,impact,8,impact,4,slash,0,puncture,4,impact,6,5,Common,,,
Umbrathar,mroczny,noobaiXLNAIXL_vPred075SVersion-Euler-40-5.5-2285532144-2025-01-02,59,impact,8,puncture,8,impact,3,slash,3,puncture,3,impact,5,5,Kristalion,,,
Noctvox,secret,noobaiXLNAIXL_vPred075SVersion-Euler-40-5.5-2285532146-2025-01-02,62,puncture,9,puncture,9,impact,5,slash,7,puncture,2,impact,2,5,Common,,,
Zultharion Ashspire,fantasy,noobaiXLNAIXL_vPred075SVersion-Euler-40-5.5-2285532148-2025-01-02,39,puncture,7,slash,3,impact,4,slash,10,puncture,4,impact,8,3,Common,,,
Isolthra Maevox,mroczny,noobaiXLNAIXL_vPred075SVersion-Euler-40-5.5-2285532149-2025-01-02,48,impact,8,impact,8,impact,6,slash,4,puncture,0,impact,4,5,Common,,,
Indira Nyxara,fantasy,noobaiXLNAIXL_vPred075SVersion-Euler-40-5.5-2285532150-2025-01-02,20,puncture,8,slash,7,impact,3,slash,0,puncture,3,impact,4,6,Ancient_Runes,Rh'lo,,
Padrig Stormfury,fantasy,noobaiXLNAIXL_vPred075SVersion-Euler-40-5.5-2285532152-2025-01-02,97,puncture,5,slash,3,impact,7,slash,4,puncture,1,impact,8,5,Common,,,
Thalina Zephyr,mroczny,noobaiXLNAIXL_vPred075SVersion-Euler-40-5.5-2285532154-2025-01-02,37,impact,11,impact,11,impact,4,slash,6,puncture,1,impact,7,4,Common,,,
Zelphira,fantasy,noobaiXLNAIXL_vPred075SVersion-Euler-40-5.5-2285532155-2025-01-02,23,puncture,7,slash,3,impact,4,slash,3,puncture,4,impact,4,5,Common,,,
Hadruk,fantasy,noobaiXLNAIXL_vPred075SVersion-Euler-40-5.5-2285532156-2025-01-02,83,puncture,10,puncture,10,impact,5,slash,3,puncture,0,impact,2,6,Common,,,
Gharnethion Soulspire,fantasy,noobaiXLNAIXL_vPred075SVersion-Euler-40-5.5-2285532157-2025-01-02,46,puncture,8,slash,3,impact,8,slash,0,puncture,8,impact,5,5,Common,,,
Evokar,fantasy,noobaiXLNAIXL_vPred075SVersion-Euler-40-5.5-2285532159-2025-01-02,77,impact,10,impact,10,impact,5,slash,7,puncture,7,impact,3,4,Common,,,
Ophie Huancie,fantasy,noobaiXLNAIXL_vPred075SVersion-Euler-40-5.5-2285532161-2025-01-02,71,puncture,4,slash,4,impact,5,slash,6,puncture,12,impact,5,3,Ancient_Runes,Common,Kristalion,
Kortharion Blightflame,fantasy,noobaiXLNAIXL_vPred075SVersion-Euler-40-5.5-2285532162-2025-01-02,68,puncture,8,shield,2,impact,8,slash,6,puncture,8,impact,7,3,Common,,,
Throkkmora Battlecry,mroczny,noobaiXLNAIXL_vPred075SVersion-Euler-40-5.5-2285532165-2025-01-02,69,puncture,12,puncture,12,impact,4,slash,1,puncture,8,impact,2,5,Common,,,
Eirbelle Calily,fantasy,noobaiXLNAIXL_vPred075SVersion-Euler-40-5.5-2285532171-2025-01-02,50,impact,11,impact,11,impact,5,slash,4,puncture,3,impact,5,5,Common,,,
Thalzrak Doomveil,mroczny,noobaiXLNAIXL_vPred075SVersion-Euler-40-5.5-2285532172-2025-01-02,91,impact,5,puncture,3,impact,3,slash,7,puncture,2,impact,4,5,Kristalion,,,
Wrathok,mroczny,noobaiXLNAIXL_vPred075SVersion-Euler-40-5.5-2285532174-2025-01-02,81,impact,2,puncture,8,impact,4,slash,2,puncture,4,impact,2,5,Common,Rh'lo,Ancient_Runes,
Uma Thalindra,mroczny,noobaiXLNAIXL_vPred075SVersion-Euler-40-5.5-2285532177-2025-01-02,71,puncture,9,puncture,9,impact,5,slash,5,puncture,9,impact,4,3,Common,,,
Irkulth,mroczny,noobaiXLNAIXL_vPred075SVersion-Euler-40-5.5-2344103940-2025-01-02,79,puncture,5,slash,6,impact,6,slash,3,puncture,5,impact,3,5,Ancient_Runes,,,
Maelie Qetzie,fantasy,noobaiXLNAIXL_vPred075SVersion-Euler-40-5.5-2344103941-2025-01-02,34,puncture,3,shield,8,impact,6,slash,5,puncture,5,impact,14,2,Common,,,
Nihlarae Soulrend,fantasy,noobaiXLNAIXL_vPred075SVersion-Euler-40-5.5-2344103942-2025-01-02,48,impact,3,puncture,4,impact,5,slash,4,puncture,8,impact,3,4,Common,,,
Arachnia Webweaver,mroczny,noobaiXLNAIXL_vPred075SVersion-Euler-40-5.5-2344103943-2025-01-02,60,puncture,6,slash,6,impact,7,slash,2,puncture,7,impact,3,5,Common,,,
Ravynvox,magic,noobaiXLNAIXL_vPred075SVersion-Euler-40-5.5-2344103944-2025-01-02,66,puncture,10,slash,8,impact,6,slash,10,puncture,8,impact,4,3,Rh'lo,,,
Thalia Moonwhisper,secret,noobaiXLNAIXL_vPred075SVersion-Euler-40-5.5-2344103945-2025-01-02,15,puncture,5,slash,5,impact,5,slash,8,puncture,7,impact,10,2,Common,,,
Eoghan Nemanja,fantasy,noobaiXLNAIXL_vPred075SVersion-Euler-40-5.5-2344103946-2025-01-02,86,impact,8,impact,8,impact,5,slash,4,puncture,2,impact,3,5,Common,,,
Morglyth Skullshade,mroczny,noobaiXLNAIXL_vPred075SVersion-Euler-40-5.5-2344103947-2025-01-02,19,puncture,4,impact,4,impact,5,slash,5,puncture,8,impact,3,4,Common,,,
Jazrael,forest,noobaiXLNAIXL_vPred075SVersion-Euler-40-5.5-2344103948-2025-01-02,88,puncture,12,puncture,12,impact,6,slash,1,puncture,7,impact,5,5,Kristalion,,,
Sylvarith Coya,fantasy,noobaiXLNAIXL_vPred075SVersion-Euler-40-5.5-2344103950-2025-01-02,56,puncture,7,slash,6,impact,8,slash,8,puncture,7,impact,5,3,Common,,,
Vexmordis Shadowvein,secret,noobaiXLNAIXL_vPred075SVersion-Euler-40-5.5-2344103951-2025-01-02,47,impact,11,impact,11,impact,4,slash,4,puncture,1,impact,2,6,Common,,,
Mystyss,mroczny,noobaiXLNAIXL_vPred075SVersion-Euler-40-5.5-2344103953-2025-01-02,43,impact,8,impact,8,impact,8,slash,5,puncture,7,impact,5,4,Common,,,
Talie Chimue,secret,noobaiXLNAIXL_vPred075SVersion-Euler-40-5.5-2344103954-2025-01-02,19,puncture,3,slash,6,impact,8,slash,3,puncture,9,impact,9,3,Common,,,
Thalzrakar Frostthorn,secret,noobaiXLNAIXL_vPred075SVersion-Euler-40-5.5-2344103956-2025-01-02,98,puncture,5,slash,4,impact,5,slash,8,puncture,8,impact,6,3,Common,,,
Lyric Tazzie,fantasy,noobaiXLNAIXL_vPred075SVersion-Euler-40-5.5-2344103957-2025-01-02,40,puncture,5,slash,8,impact,8,slash,9,puncture,4,impact,5,3,Common,,,
Faelvoxis,secret,noobaiXLNAIXL_vPred075SVersion-Euler-40-5.5-2344103958-2025-01-02,32,impact,8,puncture,7,impact,5,slash,6,puncture,2,impact,4,5,Common,,,
Xalgarathar Bonehymn,fantasy,noobaiXLNAIXL_vPred075SVersion-Euler-40-5.5-2344103960-2025-01-02,51,puncture,5,slash,4,impact,8,slash,4,puncture,4,impact,6,4,Common,,,
Azvorynn,secret,noobaiXLNAIXL_vPred075SVersion-Euler-40-5.5-2344103961-2025-01-02,33,slash,10,slash,10,impact,7,slash,4,puncture,7,impact,10,3,Common,,,
Teneumbra,secret,noobaiXLNAIXL_vPred075SVersion-Euler-40-5.5-2344103962-2025-01-02,63,impact,8,impact,8,impact,3,slash,8,puncture,6,impact,4,3,Common,,,
Gwynnie Mancie,secret,noobaiXLNAIXL_vPred075SVersion-Euler-40-5.5-2344103965-2025-01-02,47,puncture,6,slash,3,impact,4,slash,1,puncture,2,impact,7,5,Common,,,
Nocthar,fantasy,noobaiXLNAIXL_vPred075SVersion-Euler-40-5.5-2344103966-2025-01-02,44,puncture,3,shield,5,impact,3,slash,7,puncture,11,impact,2,3,Common,,,
Grythok,fantasy,noobaiXLNAIXL_vPred075SVersion-Euler-40-5.5-2344103967-2025-01-02,40,puncture,9,puncture,9,impact,3,slash,2,puncture,4,impact,4,5,Common,Kristalion,,
Xypharathul Witherfire,secret,noobaiXLNAIXL_vPred075SVersion-Euler-40-5.5-2344103968-2025-01-02,53,puncture,7,slash,4,impact,3,slash,8,puncture,6,impact,3,4,Common,,,
Tharrosa Bloodrose,mroczny,noobaiXLNAIXL_vPred075SVersion-Euler-40-5.5-2344103969-2025-01-02,56,puncture,7,slash,6,impact,4,slash,7,puncture,9,impact,7,3,Common,,,
Dionethra Ankhit,fantasy,noobaiXLNAIXL_vPred075SVersion-Euler-40-5.5-2344103971-2025-01-02,22,impact,12,impact,12,impact,3,slash,8,puncture,7,impact,7,3,Common,,,
Elara Elowen,fantasy,noobaiXLNAIXL_vPred075SVersion-Euler-40-5.5-2344103972-2025-01-02,65,puncture,10,slash,6,impact,7,slash,8,puncture,5,impact,12,2,Common,,,
Nephyssa Plaguesong,fantasy,noobaiXLNAIXL_vPred075SVersion-Euler-40-5.5-2344103974-2025-01-02,42,puncture,1,slash,6,impact,7,slash,0,puncture,2,impact,9,5,Common,,,
Uvanie Wiraqie,fantasy,noobaiXLNAIXL_vPred075SVersion-Euler-40-5.5-2344103975-2025-01-02,44,puncture,1,slash,3,impact,3,slash,4,puncture,7,impact,5,4,Common,,,
Cythereya Anqet,mroczny,noobaiXLNAIXL_vPred075SVersion-Euler-40-5.5-2344103976-2025-01-02,64,impact,11,impact,11,impact,6,slash,6,puncture,5,impact,8,3,Common,,,
Gharnethrakulion Ashflayer,forest,noobaiXLNAIXL_vPred075SVersion-Euler-40-5.5-2344103977-2025-01-02,95,puncture,8,slash,3,impact,6,slash,1,puncture,7,impact,4,5,Kristalion,,,
Aedan Bozidar,secret,noobaiXLNAIXL_vPred075SVersion-Euler-40-5.5-2344103978-2025-01-02,35,impact,10,impact,10,impact,7,slash,10,puncture,0,impact,3,5,Common,,,
Fabio Branko,fantasy,noobaiXLNAIXL_vPred075SVersion-Euler-40-5.5-2344103979-2025-01-02,87,puncture,11,puncture,11,impact,3,slash,4,puncture,9,impact,7,3,Common,,,
Thalgor Dreadmaw,fantasy,noobaiXLNAIXL_vPred075SVersion-Euler-40-5.5-2344103980-2025-01-02,38,puncture,7,shield,10,impact,5,slash,7,puncture,14,impact,3,2,Common,,,
Drusian Neffie,secret,noobaiXLNAIXL_vPred075SVersion-Euler-40-5.5-2344103981-2025-01-02,71,puncture,1,slash,8,impact,6,slash,7,puncture,2,impact,1,5,Common,,,
Faelithya Manco,mroczny,noobaiXLNAIXL_vPred075SVersion-Euler-40-5.5-2344103983-2025-01-02,21,puncture,10,puncture,10,impact,7,slash,8,puncture,14,impact,4,2,Common,,,
Hecatith Nefer,mroczny,noobaiXLNAIXL_vPred075SVersion-Euler-40-5.5-2344103987-2025-01-02,60,puncture,1,slash,4,impact,7,slash,2,puncture,3,impact,1,6,Common,,,
Maraxus,fantasy,noobaiXLNAIXL_vPred075SVersion-Euler-40-5.5-2344103988-2025-01-02,28,puncture,7,slash,5,impact,8,slash,2,puncture,6,impact,1,5,Common,,,
Helie Neithie,secret,noobaiXLNAIXL_vPred075SVersion-Euler-40-5.5-2344103989-2025-01-02,34,impact,8,shield,5,impact,6,slash,1,puncture,7,impact,2,5,Common,,,
Hecathyssa Rotmaw,magic,noobaiXLNAIXL_vPred075SVersion-Euler-40-5.5-2344103990-2025-01-02,61,impact,11,impact,11,impact,4,slash,1,puncture,2,impact,10,5,Rh'lo,,,
Zha'zix Shadowfire,mroczny,noobaiXLNAIXL_vPred075SVersion-Euler-40-5.5-2344103994-2025-01-02,71,puncture,11,puncture,11,impact,6,slash,2,puncture,1,impact,0,6,Common,,,
Veylvoxis,mroczny,noobaiXLNAIXL_vPred075SVersion-Euler-40-5.5-2344103996-2025-01-02,29,puncture,4,slash,4,impact,3,slash,4,puncture,10,impact,10,2,Ancient_Runes,,,
Damarok,fantasy,noobaiXLNAIXL_vPred075SVersion-Euler-40-5.5-2344103999-2025-01-02,66,puncture,9,shield,4,impact,5,slash,2,puncture,10,impact,11,3,Common,Ancient_Runes,Kristalion,
Zola Thalindra,mroczny,noobaiXLNAIXL_vPred075SVersion-Euler-40-5.5-2344104000-2025-01-02,22,puncture,7,slash,8,impact,3,slash,4,puncture,8,impact,7,3,Common,,,
Kaelor Mictie,secret,noobaiXLNAIXL_vPred075SVersion-Euler-40-5.5-2344104001-2025-01-02,83,puncture,6,slash,8,impact,4,slash,2,puncture,10,impact,9,3,Common,,,
Duskvox,forest,noobaiXLNAIXL_vPred075SVersion-Euler-40-5.5-2344104003-2025-01-02,92,puncture,6,slash,4,impact,3,slash,3,puncture,2,impact,0,6,Kristalion,,,
Xyphora,fantasy,noobaiXLNAIXL_vPred075SVersion-Euler-40-5.5-2344104004-2025-01-02,79,puncture,10,slash,8,impact,4,slash,6,puncture,13,impact,11,0,Kristalion,Common,,
Lyzandor,mroczny,noobaiXLNAIXL_vPred075SVersion-Euler-40-5.5-2344104005-2025-01-02,53,puncture,6,shield,7,impact,3,slash,2,puncture,5,impact,5,5,Common,,,
Xeridiana Moonlit,mroczny,noobaiXLNAIXL_vPred075SVersion-Euler-40-5.5-2344104007-2025-01-02,71,puncture,10,puncture,10,impact,7,slash,2,puncture,10,impact,3,4,Common,,,
Sareth,secret,noobaiXLNAIXL_vPred075SVersion-Euler-40-5.5-2344104008-2025-01-02,76,puncture,2,shield,10,impact,8,slash,5,puncture,8,impact,3,4,Common,,,
Faerie Huascie,secret,noobaiXLNAIXL_vPred075SVersion-Euler-40-5.5-2344104009-2025-01-02,61,impact,11,impact,11,impact,6,slash,1,puncture,7,impact,10,3,Common,,,
Vaelthar Fellshade,secret,noobaiXLNAIXL_vPred075SVersion-Euler-40-5.5-2344104010-2025-01-02,68,puncture,4,slash,7,impact,4,slash,4,puncture,4,impact,11,3,Common,,,
Urdessa,secret,noobaiXLNAIXL_vPred075SVersion-Euler-40-5.5-2344104012-2025-01-02,35,impact,12,impact,12,impact,8,slash,9,puncture,14,impact,0,3,Common,,,
Tarynie Ptahie,fantasy,noobaiXLNAIXL_vPred075SVersion-Euler-40-5.5-2344104013-2025-01-02,66,impact,9,impact,9,impact,7,slash,8,puncture,6,impact,4,3,Common,,,
Grimvoxa,fantasy,noobaiXLNAIXL_vPred075SVersion-Euler-40-5.5-2344104014-2025-01-02,61,impact,10,impact,10,impact,5,slash,2,puncture,6,impact,4,5,Ancient_Runes,Common,,
Halcyone Tiahua,secret,noobaiXLNAIXL_vPred075SVersion-Euler-40-5.5-2344104015-2025-01-02,43,puncture,4,shield,9,impact,8,slash,4,puncture,2,impact,4,5,Common,,,
Thalina Zephyr,fantasy,noobaiXLNAIXL_vPred075SVersion-Euler-40-5.5-2344104019-2025-01-02,31,impact,10,puncture,5,impact,8,slash,6,puncture,10,impact,9,2,Common,,,
Sylvar Coyette,fantasy,noobaiXLNAIXL_vPred075SVersion-Euler-40-5.5-2344104020-2025-01-02,90,puncture,12,shield,3,impact,6,slash,2,puncture,2,impact,2,6,Ancient_Runes,Common,,
Grythok,fantasy,noobaiXLNAIXL_vPred075SVersion-Euler-40-5.5-2344104023-2025-01-02,60,puncture,5,slash,8,impact,7,slash,6,puncture,6,impact,5,4,Common,,,
Galenira EmeraldEye,fantasy,noobaiXLNAIXL_vPred075SVersion-Euler-40-5.5-2344104024-2025-01-02,74,puncture,10,slash,8,impact,7,slash,6,puncture,9,impact,9,2,Common,,,
Joraelith Chaska,fantasy,noobaiXLNAIXL_vPred075SVersion-Euler-40-5.5-2344104025-2025-01-02,41,impact,9,impact,9,impact,7,slash,6,puncture,3,impact,6,4,Common,,,
Vorgathia Mirestalker,fantasy,noobaiXLNAIXL_vPred075SVersion-Euler-40-5.5-2344104026-2025-01-02,62,impact,11,impact,11,impact,3,slash,0,puncture,2,impact,1,6,Common,,,
Giorgio Frostbane,secret,noobaiXLNAIXL_vPred075SVersion-Euler-40-5.5-2344104027-2025-01-02,76,puncture,2,shield,6,impact,3,slash,2,puncture,1,impact,4,6,Common,,,
Gareth Frostwolf,secret,noobaiXLNAIXL_vPred075SVersion-Euler-40-5.5-2344104028-2025-01-02,46,puncture,8,puncture,8,impact,5,slash,2,puncture,5,impact,5,5,Common,,,
Poppy Nyxara,fantasy,noobaiXLNAIXL_vPred075SVersion-Euler-40-5.5-2344104029-2025-01-02,62,impact,6,puncture,4,impact,6,slash,3,puncture,4,impact,8,4,Common,,,
Gharnethul Frostmaw,secret,noobaiXLNAIXL_vPred075SVersion-Euler-40-5.5-2344104030-2025-01-02,95,impact,9,impact,9,impact,6,slash,2,puncture,7,impact,8,4,Common,,,
Thalassira Darkcoven,fantasy,noobaiXLNAIXL_vPred075SVersion-Euler-40-5.5-2344104031-2025-01-02,39,puncture,2,slash,5,impact,3,slash,9,puncture,7,impact,3,3,Common,,,
Valacara Deathspell,fantasy,noobaiXLNAIXL_vPred075SVersion-Euler-40-5.5-2344104032-2025-01-02,32,impact,8,impact,8,impact,5,slash,2,puncture,4,impact,6,5,Common,,,
Ophie Huancie,secret,noobaiXLNAIXL_vPred075SVersion-Euler-40-5.5-2344104033-2025-01-02,59,puncture,9,puncture,9,impact,8,slash,5,puncture,10,impact,4,3,Common,,,
Sablevoria,fantasy,noobaiXLNAIXL_vPred075SVersion-Euler-40-5.5-2344104034-2025-01-02,35,impact,1,puncture,5,impact,5,slash,10,puncture,5,impact,0,4,Common,,,
Irythiel Qhapaq,secret,noobaiXLNAIXL_vPred075SVersion-Euler-40-5.5-2344104035-2025-01-02,59,puncture,10,slash,6,impact,6,slash,1,puncture,2,impact,3,6,Common,,,
Morgath,secret,noobaiXLNAIXL_vPred075SVersion-Euler-40-5.5-2542203673-2025-01-02,76,puncture,2,slash,8,impact,3,slash,4,puncture,1,impact,7,5,Common,,,
Vrykkarion Grimveil,fantasy,noobaiXLNAIXL_vPred075SVersion-Euler-40-5.5-2542203674-2025-01-02,28,impact,8,impact,8,impact,8,slash,0,puncture,1,impact,9,5,Ancient_Runes,Common,,
Umberto Stjepan,forest,noobaiXLNAIXL_vPred075SVersion-Euler-40-5.5-2542203675-2025-01-02,60,impact,8,impact,8,impact,6,slash,3,puncture,0,impact,5,5,Kristalion,,,
Ilior Qoripie,secret,noobaiXLNAIXL_vPred075SVersion-Euler-40-5.5-2542203677-2025-01-02,26,puncture,9,puncture,9,impact,8,slash,5,puncture,5,impact,4,4,Common,,,
Morgrimm Bonefiend,fantasy,noobaiXLNAIXL_vPred075SVersion-Euler-40-5.5-2542203679-2025-01-02,47,puncture,12,shield,1,impact,3,slash,7,puncture,11,impact,6,2,Ancient_Runes,Common,Rh'lo,Kristalion
Xarenza Dragonfire,mroczny,noobaiXLNAIXL_vPred075SVersion-Euler-40-5.5-2542203681-2025-01-02,19,impact,11,impact,11,impact,8,slash,2,puncture,5,impact,3,5,Common,Rh'lo,Ancient_Runes,Kristalion
Samael,forest,noobaiXLNAIXL_vPred075SVersion-Euler-40-5.5-2542203682-2025-01-02,97,puncture,2,slash,4,impact,4,slash,0,puncture,7,impact,8,4,Rh'lo,Kristalion,,
Azathor,fantasy,noobaiXLNAIXL_vPred075SVersion-Euler-40-5.5-2542203683-2025-01-02,75,puncture,2,slash,6,impact,3,slash,9,puncture,4,impact,4,4,Common,,,
Ebonvoxa,secret,noobaiXLNAIXL_vPred075SVersion-Euler-40-5.5-2804686996-2025-01-02,63,impact,9,shield,5,impact,8,slash,2,puncture,8,impact,12,3,Common,,,
Quinn Lysandra,secret,noobaiXLNAIXL_vPred075SVersion-Euler-40-5.5-2804686997-2025-01-02,39,impact,9,impact,9,impact,5,slash,4,puncture,7,impact,9,3,Common,,,
Xeridian Nightshade,mroczny,noobaiXLNAIXL_vPred075SVersion-Euler-40-5.5-2804686998-2025-01-02,40,impact,8,impact,8,impact,5,slash,5,puncture,4,impact,4,5,Common,,,
Isolthra Maevox,mroczny,noobaiXLNAIXL_vPred075SVersion-Euler-40-5.5-2804687000-2025-01-02,48,puncture,10,slash,3,impact,8,slash,5,puncture,2,impact,4,5,Common,,,
Aelindryth Anub,fantasy,noobaiXLNAIXL_vPred075SVersion-Euler-40-5.5-2804687003-2025-01-02,67,puncture,10,slash,7,impact,5,slash,1,puncture,3,impact,9,5,Common,,,
Cian Darko,fantasy,noobaiXLNAIXL_vPred075SVersion-Euler-40-5.5-2804687004-2025-01-02,75,puncture,10,impact,4,impact,6,slash,7,puncture,9,impact,5,3,Ancient_Runes,,,
Xylonia Wulfguard,fantasy,noobaiXLNAIXL_vPred075SVersion-Euler-40-5.5-2804687005-2025-01-02,23,puncture,10,slash,6,impact,5,slash,7,puncture,1,impact,9,4,Common,,,
Briseith Qetzal,secret,noobaiXLNAIXL_vPred075SVersion-Euler-40-5.5-2804687006-2025-01-02,29,puncture,5,slash,7,impact,4,slash,5,puncture,1,impact,2,5,Common,,,
Kethril Moonhunter,mroczny,noobaiXLNAIXL_vPred075SVersion-Euler-40-5.5-2804687008-2025-01-02,72,impact,9,impact,9,impact,4,slash,9,puncture,4,impact,8,3,Common,,,
Delphinyth Qhapa,fantasy,noobaiXLNAIXL_vPred075SVersion-Euler-40-5.5-2804687009-2025-01-02,37,puncture,7,slash,8,impact,6,slash,7,puncture,0,impact,5,5,Common,,,
Xyndrith Tlal,secret,noobaiXLNAIXL_vPred075SVersion-Euler-40-5.5-2804687010-2025-01-02,29,puncture,9,slash,7,impact,7,slash,2,puncture,9,impact,7,3,Common,,,
Lilithyssa Darkhymn,secret,noobaiXLNAIXL_vPred075SVersion-Euler-40-5.5-2804687012-2025-01-02,73,impact,8,impact,8,impact,7,slash,7,puncture,2,impact,10,3,Common,,,
Morgtharulath Dreadthorn,secret,noobaiXLNAIXL_vPred075SVersion-Euler-40-5.5-2804687013-2025-01-02,37,puncture,8,puncture,8,impact,4,slash,7,puncture,7,impact,7,3,Common,,,
Piero Stormvalor,mroczny,noobaiXLNAIXL_vPred075SVersion-Euler-40-5.5-2804687015-2025-01-02,91,puncture,7,slash,5,impact,3,slash,1,puncture,8,impact,4,5,Ancient_Runes,,,
Kaelthar Venomspell,fantasy,noobaiXLNAIXL_vPred075SVersion-Euler-40-5.5-2804687027-2025-01-02,84,puncture,10,puncture,10,impact,4,slash,7,puncture,3,impact,4,4,Common,Ancient_Runes,,
Zultharathar Frostspell,fantasy,noobaiXLNAIXL_vPred075SVersion-Euler-40-5.5-2804687028-2025-01-02,86,puncture,8,slash,4,impact,5,slash,4,puncture,12,impact,6,3,Common,,,
Lirienn,magic,noobaiXLNAIXL_vPred075SVersion-Euler-40-5.5-2804687029-2025-01-02,22,impact,12,impact,12,impact,5,slash,0,puncture,0,impact,10,5,Common,,,
Iarla Jaromir,secret,noobaiXLNAIXL_vPred075SVersion-Euler-40-5.5-2804687033-2025-01-02,95,puncture,4,slash,6,impact,3,slash,2,puncture,11,impact,10,3,Common,,,
Xeridiana Moonwhisper,mroczny,noobaiXLNAIXL_vPred075SVersion-Euler-40-5.5-2804687034-2025-01-02,23,impact,1,puncture,4,impact,8,slash,6,puncture,6,impact,2,4,Common,,,
Elthie Qhapie,fantasy,noobaiXLNAIXL_vPred075SVersion-Euler-40-5.5-2804687035-2025-01-02,24,puncture,8,puncture,8,impact,6,slash,6,puncture,4,impact,9,3,Common,,,
Hearn Vinko,fantasy,noobaiXLNAIXL_vPred075SVersion-Euler-40-5.5-2804687039-2025-01-02,28,puncture,5,shield,8,impact,8,slash,9,puncture,9,impact,9,1,Common,,,
Malgrim Plaguefire,fantasy,noobaiXLNAIXL_vPred075SVersion-Euler-40-5.5-2804687040-2025-01-02,57,impact,10,impact,10,impact,5,slash,3,puncture,0,impact,7,5,Common,,,
Dravenarokulath Skullshade,mroczny,noobaiXLNAIXL_vPred075SVersion-Euler-40-5.5-2804687041-2025-01-02,73,puncture,9,slash,4,impact,8,slash,5,puncture,4,impact,9,3,Common,,,
Wisterith Yana,mroczny,noobaiXLNAIXL_vPred075SVersion-Euler-40-5.5-2804687042-2025-01-02,58,impact,10,impact,10,impact,6,slash,7,puncture,7,impact,5,3,Rh'lo,Common,Ancient_Runes,
Eirabell Battlecry,fantasy,noobaiXLNAIXL_vPred075SVersion-Euler-40-5.5-2804687043-2025-01-02,35,puncture,6,shield,8,impact,8,slash,7,puncture,7,impact,9,3,Common,,,
Azarathra Mournfire,fantasy,noobaiXLNAIXL_vPred075SVersion-Euler-40-5.5-2804687044-2025-01-02,43,impact,8,impact,8,impact,6,slash,1,puncture,8,impact,5,4,Rh'lo,,,
Malphas,mroczny,noobaiXLNAIXL_vPred075SVersion-Euler-40-5.5-2804687045-2025-01-02,66,impact,8,impact,8,impact,7,slash,1,puncture,0,impact,5,6,Ancient_Runes,,,
Eldazyr,secret,noobaiXLNAIXL_vPred075SVersion-Euler-40-5.5-2804687047-2025-01-02,80,impact,9,puncture,3,impact,3,slash,2,puncture,8,impact,0,5,Common,,,
Belladonna,secret,noobaiXLNAIXL_vPred075SVersion-Euler-40-5.5-2804687048-2025-01-02,54,puncture,1,slash,3,impact,5,slash,0,puncture,6,impact,8,4,Common,,,
Xyphera,mroczny,noobaiXLNAIXL_vPred075SVersion-Euler-40-5.5-2804687049-2025-01-02,36,impact,8,impact,8,impact,6,slash,1,puncture,7,impact,3,5,Common,,,
Vaelie Mawk,secret,noobaiXLNAIXL_vPred075SVersion-Euler-40-5.5-2804687050-2025-01-02,23,impact,3,puncture,5,impact,3,slash,3,puncture,12,impact,4,3,Common,,,
Zelumbra,fantasy,noobaiXLNAIXL_vPred075SVersion-Euler-40-5.5-2804687051-2025-01-02,85,puncture,6,slash,5,impact,5,slash,2,puncture,14,impact,4,3,Common,,,
Wyllor Suppie,fantasy,noobaiXLNAIXL_vPred075SVersion-Euler-40-5.5-2804687053-2025-01-02,56,puncture,7,slash,8,impact,3,slash,6,puncture,9,impact,12,1,Common,,,
Kavan Stormfang,secret,noobaiXLNAIXL_vPred075SVersion-Euler-40-5.5-2804687055-2025-01-02,58,puncture,11,puncture,11,impact,8,slash,0,puncture,6,impact,1,6,Ancient_Runes,,,
Zynvoxis,fantasy,noobaiXLNAIXL_vPred075SVersion-Euler-40-5.5-2804687056-2025-01-02,69,puncture,12,puncture,12,impact,8,slash,10,puncture,4,impact,10,2,Rh'lo,Common,Ancient_Runes,
Ysenneth Voidrend,secret,noobaiXLNAIXL_vPred075SVersion-Euler-40-5.5-2804687059-2025-01-02,44,puncture,5,shield,2,impact,4,slash,7,puncture,7,impact,6,3,Common,,,
Xanthessa Grimvein,fantasy,noobaiXLNAIXL_vPred075SVersion-Euler-40-5.5-2804687061-2025-01-02,75,puncture,12,shield,5,impact,4,slash,7,puncture,9,impact,6,3,Common,,,
Callista Seraphine,mroczny,noobaiXLNAIXL_vPred075SVersion-Euler-40-5.5-2804687062-2025-01-02,55,puncture,4,impact,6,impact,4,slash,6,puncture,1,impact,10,4,Ancient_Runes,,,
Ysmer Qoribee,secret,noobaiXLNAIXL_vPred075SVersion-Euler-40-5.5-2804687063-2025-01-02,93,impact,12,impact,12,impact,3,slash,4,puncture,5,impact,4,5,Common,,,
Zoryssis Fellshade,fantasy,noobaiXLNAIXL_vPred075SVersion-Euler-40-5.5-2804687065-2025-01-02,29,puncture,2,shield,2,impact,8,slash,5,puncture,10,impact,6,3,Common,,,
Tadhg Goran,mroczny,noobaiXLNAIXL_vPred075SVersion-Euler-40-5.5-2804687066-2025-01-02,69,puncture,1,slash,6,impact,6,slash,6,puncture,12,impact,12,0,Common,,,
Zhaedrus,forest,noobaiXLNAIXL_vPred075SVersion-Euler-40-5.5-2804687067-2025-01-02,71,puncture,10,slash,3,impact,7,slash,7,puncture,4,impact,8,3,Kristalion,,,
Noctvoxar,secret,noobaiXLNAIXL_vPred075SVersion-Euler-40-5.5-2804687068-2025-01-02,91,impact,11,impact,11,impact,7,slash,2,puncture,14,impact,11,1,Common,,,
Kaelie Micti,fantasy,noobaiXLNAIXL_vPred075SVersion-Euler-40-5.5-2804687069-2025-01-02,24,impact,8,impact,8,impact,5,slash,2,puncture,6,impact,3,5,Common,,,
Kaeltharok Netherveil,fantasy,noobaiXLNAIXL_vPred075SVersion-Euler-40-5.5-2804687070-2025-01-02,42,impact,8,impact,8,impact,4,slash,7,puncture,7,impact,8,3,Common,,,
Thalamar,secret,noobaiXLNAIXL_vPred075SVersion-Euler-40-5.5-2804687071-2025-01-02,66,impact,10,impact,10,impact,6,slash,0,puncture,0,impact,4,6,Common,,,
Qrazgul,secret,noobaiXLNAIXL_vPred075SVersion-Euler-40-5.5-2804687072-2025-01-02,97,puncture,2,slash,8,impact,8,slash,2,puncture,3,impact,10,4,Ancient_Runes,,,
Xarumbra,mroczny,noobaiXLNAIXL_vPred075SVersion-Euler-40-5.5-2804687073-2025-01-02,34,puncture,12,puncture,12,impact,8,slash,6,puncture,4,impact,7,4,Common,,,
Elystris Wraithbloom,fantasy,noobaiXLNAIXL_vPred075SVersion-Euler-40-5.5-2804687074-2025-01-02,44,puncture,2,shield,3,impact,6,slash,9,puncture,12,impact,4,2,Common,,,
Uzark,fantasy,noobaiXLNAIXL_vPred075SVersion-Euler-40-5.5-2804687076-2025-01-02,76,puncture,5,shield,10,impact,7,slash,12,puncture,13,impact,7,0,Common,,,
Mordrakarok Netherhymn,fantasy,noobaiXLNAIXL_vPred075SVersion-Euler-40-5.5-2804687078-2025-01-02,84,puncture,8,slash,4,impact,4,slash,5,puncture,11,impact,11,1,Common,,,
Korrath,secret,noobaiXLNAIXL_vPred075SVersion-Euler-40-5.5-2804687079-2025-01-02,34,puncture,7,slash,6,impact,4,slash,1,puncture,2,impact,2,6,Common,,,
Brynhildr Ironshield,mroczny,noobaiXLNAIXL_vPred075SVersion-Euler-40-5.5-2804687081-2025-01-02,45,impact,12,impact,12,impact,4,slash,2,puncture,1,impact,5,5,Common,,,
Keira Thalindra,fantasy,noobaiXLNAIXL_vPred075SVersion-Euler-40-5.5-2804687084-2025-01-02,43,puncture,11,puncture,11,impact,7,slash,11,puncture,4,impact,10,2,Common,,,
Faelor Machie,magic,noobaiXLNAIXL_vPred075SVersion-Euler-40-5.5-2804687085-2025-01-02,72,impact,12,impact,12,impact,8,slash,3,puncture,4,impact,6,5,Rh'lo,Common,Ancient_Runes,
Diomie Huay,secret,noobaiXLNAIXL_vPred075SVersion-Euler-40-5.5-2804687086-2025-01-02,68,puncture,9,slash,7,impact,3,slash,6,puncture,2,impact,3,5,Common,,,
Zultharathion Frostthorn,fantasy,noobaiXLNAIXL_vPred075SVersion-Euler-40-5.5-2804687088-2025-01-02,83,puncture,12,puncture,12,impact,3,slash,4,puncture,0,impact,9,5,Common,,,
Zynie Mawk,fantasy,noobaiXLNAIXL_vPred075SVersion-Euler-40-5.5-2804687091-2025-01-02,62,puncture,2,slash,7,impact,4,slash,5,puncture,6,impact,6,4,Common,,,
Grimoire,fantasy,noobaiXLNAIXL_vPred075SVersion-Euler-40-5.5-2804687094-2025-01-02,89,impact,8,impact,8,impact,3,slash,2,puncture,7,impact,8,4,Common,,,
Beatrix Nyxara,secret,noobaiXLNAIXL_vPred075SVersion-Euler-40-5.5-301660624-2025-01-02,82,puncture,10,puncture,10,impact,3,slash,5,puncture,7,impact,8,3,Common,,,
Ivor Warflame,fantasy,noobaiXLNAIXL_vPred075SVersion-Euler-40-5.5-301660625-2025-01-02,82,puncture,8,slash,3,impact,5,slash,7,puncture,7,impact,10,2,Ancient_Runes,Common,,
Uvaniath Wiraq,fantasy,noobaiXLNAIXL_vPred075SVersion-Euler-40-5.5-301660627-2025-01-02,27,puncture,4,slash,7,impact,4,slash,8,puncture,14,impact,7,1,Common,,,
Morgathra Fellshriek,fantasy,noobaiXLNAIXL_vPred075SVersion-Euler-40-5.5-301660629-2025-01-02,19,impact,12,impact,12,impact,6,slash,3,puncture,5,impact,7,4,Common,,,
Enzo Andrija,mroczny,noobaiXLNAIXL_vPred075SVersion-Euler-40-5.5-301660630-2025-01-02,52,puncture,6,slash,6,impact,7,slash,9,puncture,4,impact,6,3,Ancient_Runes,,,
Delphie Qhapie,fantasy,noobaiXLNAIXL_vPred075SVersion-Euler-40-5.5-301660632-2025-01-02,27,impact,8,impact,8,impact,3,slash,2,puncture,4,impact,7,5,Common,,,
Xalindra Nightshriek,secret,noobaiXLNAIXL_vPred075SVersion-Euler-40-5.5-301660633-2025-01-02,34,impact,9,impact,9,impact,5,slash,2,puncture,0,impact,7,5,Common,,,
Tenevoxis,secret,noobaiXLNAIXL_vPred075SVersion-Euler-40-5.5-301660636-2025-01-02,39,puncture,2,slash,8,impact,8,slash,11,puncture,7,impact,11,1,Common,,,
Freya Lysandra,fantasy,noobaiXLNAIXL_vPred075SVersion-Euler-40-5.5-301660637-2025-01-02,75,puncture,2,slash,3,impact,7,slash,2,puncture,7,impact,3,5,Common,,,
Morgthul Rotveil,fantasy,noobaiXLNAIXL_vPred075SVersion-Euler-40-5.5-301660638-2025-01-02,89,puncture,5,slash,5,impact,3,slash,4,puncture,13,impact,2,3,Common,,,
Malgrym,magic,noobaiXLNAIXL_vPred075SVersion-Euler-40-5.5-301660639-2025-01-02,90,impact,9,impact,9,impact,8,slash,4,puncture,4,impact,7,4,Ancient_Runes,Common,Rh'lo,
Thalassira Darkcoven,fantasy,noobaiXLNAIXL_vPred075SVersion-Euler-40-5.5-301660640-2025-01-02,55,puncture,2,slash,7,impact,6,slash,10,puncture,6,impact,2,3,Common,,,
Xylander,secret,noobaiXLNAIXL_vPred075SVersion-Euler-40-5.5-301660641-2025-01-02,72,impact,12,impact,12,impact,3,slash,10,puncture,1,impact,4,4,Common,,,
Vorgulthrakion Blightveil,fantasy,noobaiXLNAIXL_vPred075SVersion-Euler-40-5.5-301660642-2025-01-02,30,puncture,2,shield,10,impact,6,slash,4,puncture,14,impact,11,1,Common,,,
Lirio Ironflame,mroczny,noobaiXLNAIXL_vPred075SVersion-Euler-40-5.5-301660643-2025-01-02,66,impact,11,impact,11,impact,8,slash,4,puncture,6,impact,5,4,Rh'lo,,,
Gharnethulion Wraithveil,fantasy,noobaiXLNAIXL_vPred075SVersion-Euler-40-5.5-301660644-2025-01-02,68,puncture,1,slash,7,impact,6,slash,1,puncture,5,impact,12,3,Common,,,
Aelindra Seraphine,secret,noobaiXLNAIXL_vPred075SVersion-Euler-40-5.5-301660645-2025-01-02,41,puncture,10,puncture,10,impact,5,slash,8,puncture,5,impact,5,3,Common,,,
Umbrynne,mroczny,noobaiXLNAIXL_vPred075SVersion-Euler-40-5.5-301660647-2025-01-02,67,impact,10,impact,10,impact,4,slash,3,puncture,1,impact,1,6,Common,,,
Kortharath Necroshriek,secret,noobaiXLNAIXL_vPred075SVersion-Euler-40-5.5-301660648-2025-01-02,26,impact,11,impact,11,impact,3,slash,3,puncture,5,impact,4,5,Common,,,
Sylthar,mroczny,noobaiXLNAIXL_vPred075SVersion-Euler-40-5.5-301660649-2025-01-02,92,impact,9,impact,9,impact,4,slash,5,puncture,6,impact,2,5,Common,,,
Szandor,magic,noobaiXLNAIXL_vPred075SVersion-Euler-40-5.5-301660650-2025-01-02,85,impact,8,impact,8,impact,8,slash,2,puncture,4,impact,1,6,Common,Ancient_Runes,Rh'lo,
Morumbra,secret,noobaiXLNAIXL_vPred075SVersion-Euler-40-5.5-301660651-2025-01-02,64,impact,10,impact,10,impact,5,slash,6,puncture,6,impact,0,5,Common,,,
Ylvi Huacie,mroczny,noobaiXLNAIXL_vPred075SVersion-Euler-40-5.5-301660652-2025-01-02,48,impact,8,impact,8,impact,4,slash,3,puncture,0,impact,8,5,Common,,,
Lyssie Huayrie,fantasy,noobaiXLNAIXL_vPred075SVersion-Euler-40-5.5-301660653-2025-01-02,54,puncture,8,slash,7,impact,8,slash,5,puncture,4,impact,9,3,Common,,,
Tarynnya Ptah,fantasy,noobaiXLNAIXL_vPred075SVersion-Euler-40-5.5-301660654-2025-01-02,34,puncture,5,slash,5,impact,8,slash,6,puncture,7,impact,2,4,Ancient_Runes,,,
Lyriquin Darkmagic,fantasy,noobaiXLNAIXL_vPred075SVersion-Euler-40-5.5-301660655-2025-01-02,57,puncture,8,puncture,8,impact,3,slash,2,puncture,13,impact,10,2,Common,,,
Wyrax,mroczny,noobaiXLNAIXL_vPred075SVersion-Euler-40-5.5-301660657-2025-01-02,65,puncture,4,slash,4,impact,6,slash,0,puncture,2,impact,3,6,Kristalion,,,
Oisin Milos,secret,noobaiXLNAIXL_vPred075SVersion-Euler-40-5.5-301660658-2025-01-02,67,impact,9,impact,9,impact,3,slash,0,puncture,4,impact,9,5,Common,,,
Enzo Andrija,secret,noobaiXLNAIXL_vPred075SVersion-Euler-40-5.5-301660659-2025-01-02,64,impact,12,impact,12,impact,3,slash,4,puncture,7,impact,4,4,Common,,,
Taryvox,mroczny,noobaiXLNAIXL_vPred075SVersion-Euler-40-5.5-301660660-2025-01-02,19,impact,9,impact,9,impact,3,slash,5,puncture,1,impact,1,6,Common,,,
Zylphina,mroczny,noobaiXLNAIXL_vPred075SVersion-Euler-40-5.5-301660662-2025-01-02,54,impact,3,puncture,5,impact,3,slash,7,puncture,8,impact,9,2,Common,,,
Vaelthar Fellshade,secret,noobaiXLNAIXL_vPred075SVersion-Euler-40-5.5-301660663-2025-01-02,55,puncture,6,slash,6,impact,6,slash,2,puncture,0,impact,8,5,Common,,,
Gian Frostbane,fantasy,noobaiXLNAIXL_vPred075SVersion-Euler-40-5.5-301660664-2025-01-02,88,puncture,2,slash,5,impact,5,slash,4,puncture,4,impact,9,4,Common,,,
Luminyss Voidshriek,secret,noobaiXLNAIXL_vPred075SVersion-Euler-40-5.5-301660665-2025-01-02,26,puncture,10,slash,3,impact,7,slash,7,puncture,5,impact,10,3,Common,,,
Pythor,fantasy,noobaiXLNAIXL_vPred075SVersion-Euler-40-5.5-301660666-2025-01-02,85,impact,10,impact,10,impact,8,slash,3,puncture,5,impact,10,3,Common,,,
Xyris Mawkis,mroczny,noobaiXLNAIXL_vPred075SVersion-Euler-40-5.5-301660667-2025-01-02,72,puncture,9,slash,3,impact,8,slash,1,puncture,6,impact,4,5,Ancient_Runes,,,
Xantheia Supayra,fantasy,noobaiXLNAIXL_vPred075SVersion-Euler-40-5.5-301660668-2025-01-02,20,puncture,4,slash,8,impact,5,slash,1,puncture,10,impact,9,3,Common,,,
Lyraea Nightingale,fantasy,noobaiXLNAIXL_vPred075SVersion-Euler-40-5.5-301660669-2025-01-02,65,puncture,10,slash,8,impact,5,slash,0,puncture,0,impact,7,6,Common,Ancient_Runes,,
Mordrakarok Netherhymn,fantasy,noobaiXLNAIXL_vPred075SVersion-Euler-40-5.5-301660670-2025-01-02,65,puncture,10,slash,8,impact,5,slash,0,puncture,4,impact,7,5,Common,,,
Barathrum,magic,noobaiXLNAIXL_vPred075SVersion-Euler-40-5.5-301660671-2025-01-02,40,impact,10,puncture,5,impact,8,slash,3,puncture,4,impact,3,5,Rh'lo,,,
Nefertem Witchwood,fantasy,noobaiXLNAIXL_vPred075SVersion-Euler-40-5.5-301660674-2025-01-02,60,puncture,12,shield,9,impact,6,slash,10,puncture,7,impact,2,3,Common,,,
Draelith,fantasy,noobaiXLNAIXL_vPred075SVersion-Euler-40-5.5-301660675-2025-01-02,87,puncture,11,puncture,11,impact,3,slash,5,puncture,10,impact,2,4,Common,,,
Daphne Morwenna,secret,noobaiXLNAIXL_vPred075SVersion-Euler-40-5.5-301660676-2025-01-02,33,puncture,8,puncture,8,impact,6,slash,8,puncture,1,impact,6,4,Common,,,
Zola Elowen,mroczny,noobaiXLNAIXL_vPred075SVersion-Euler-40-5.5-301660677-2025-01-02,36,puncture,10,slash,3,impact,3,slash,10,puncture,8,impact,7,2,Common,,,
Vexthara Wraithveil,secret,noobaiXLNAIXL_vPred075SVersion-Euler-40-5.5-301660678-2025-01-02,60,impact,9,impact,9,impact,3,slash,2,puncture,14,impact,6,3,Common,,,
Xylaraeth Darksong,secret,noobaiXLNAIXL_vPred075SVersion-Euler-40-5.5-301660679-2025-01-02,66,impact,6,puncture,4,impact,8,slash,0,puncture,8,impact,2,5,Common,,,
Sylthira,fantasy,noobaiXLNAIXL_vPred075SVersion-Euler-40-5.5-301660680-2025-01-02,81,puncture,2,slash,7,impact,5,slash,1,puncture,8,impact,6,4,Common,,,
Krystara,secret,noobaiXLNAIXL_vPred075SVersion-Euler-40-5.5-301660681-2025-01-02,35,puncture,5,shield,8,impact,4,slash,6,puncture,13,impact,4,3,Common,,,
Hesperith Anubis,mroczny,noobaiXLNAIXL_vPred075SVersion-Euler-40-5.5-301660682-2025-01-02,38,impact,2,puncture,4,impact,5,slash,0,puncture,6,impact,0,6,Ancient_Runes,,,
Zivaraya Supay,mroczny,noobaiXLNAIXL_vPred075SVersion-Euler-40-5.5-301660683-2025-01-02,56,impact,8,impact,8,impact,7,slash,4,puncture,11,impact,8,3,Common,,,
Ysmer Qoripuff,secret,noobaiXLNAIXL_vPred075SVersion-Euler-40-5.5-301660685-2025-01-02,37,impact,9,impact,9,impact,4,slash,9,puncture,5,impact,10,2,Common,,,
Zorvath Ghoulfire,fantasy,noobaiXLNAIXL_vPred075SVersion-Euler-40-5.5-301660686-2025-01-02,58,puncture,3,shield,7,impact,4,slash,6,puncture,14,impact,9,1,Common,,,
Calanthir Forestguard,mroczny,noobaiXLNAIXL_vPred075SVersion-Euler-40-5.5-301660687-2025-01-02,32,impact,10,impact,10,impact,6,slash,10,puncture,6,impact,10,2,Common,,,
Noctumbra,fantasy,noobaiXLNAIXL_vPred075SVersion-Euler-40-5.5-301660688-2025-01-02,70,puncture,2,slash,6,impact,8,slash,5,puncture,4,impact,7,4,Common,,,
Eirabell Battleborn,secret,noobaiXLNAIXL_vPred075SVersion-Euler-40-5.5-301660689-2025-01-02,74,puncture,1,slash,3,impact,8,slash,7,puncture,8,impact,1,4,Common,,,
Vespyrra Doomchant,fantasy,noobaiXLNAIXL_vPred075SVersion-Euler-40-5.5-301660690-2025-01-02,73,puncture,11,shield,8,impact,4,slash,4,puncture,10,impact,6,3,Common,,,
Zynvolkarathul Necrospire,secret,noobaiXLNAIXL_vPred075SVersion-Euler-40-5.5-301660693-2025-01-02,43,puncture,11,shield,2,impact,3,slash,6,puncture,4,impact,5,4,Common,,,
Uvaniath Wiraq,secret,noobaiXLNAIXL_vPred075SVersion-Euler-40-5.5-301660695-2025-01-02,49,puncture,8,slash,6,impact,8,slash,7,puncture,4,impact,7,3,Common,,,
Eriolira Starweaver,mroczny,noobaiXLNAIXL_vPred075SVersion-Euler-40-5.5-301660696-2025-01-02,59,impact,12,impact,12,impact,3,slash,0,puncture,3,impact,3,6,Common,,,
Damarok,secret,noobaiXLNAIXL_vPred075SVersion-Euler-40-5.5-301660697-2025-01-02,93,impact,9,impact,9,impact,8,slash,6,puncture,2,impact,8,4,Common,,,
Xanphine Mourngaze,fantasy,noobaiXLNAIXL_vPred075SVersion-Euler-40-5.5-301660699-2025-01-02,76,puncture,4,slash,3,impact,4,slash,9,puncture,6,impact,9,2,Common,,,
Naevyssa Quilla,mroczny,noobaiXLNAIXL_vPred075SVersion-Euler-40-5.5-301660700-2025-01-02,56,puncture,3,shield,2,impact,8,slash,9,puncture,11,impact,7,1,Ancient_Runes,,,
Kethril Moonhunter,mroczny,noobaiXLNAIXL_vPred075SVersion-Euler-40-5.5-301660701-2025-01-02,60,impact,8,impact,8,impact,4,slash,4,puncture,9,impact,0,5,Common,,,
Nymira,fantasy,noobaiXLNAIXL_vPred075SVersion-Euler-40-5.5-301660703-2025-01-02,56,impact,8,impact,8,impact,3,slash,6,puncture,3,impact,4,5,Rh'lo,Ancient_Runes,,
Beatrix Nyxara,mroczny,noobaiXLNAIXL_vPred075SVersion-Euler-40-5.5-301660705-2025-01-02,70,puncture,8,puncture,8,impact,8,slash,10,puncture,12,impact,9,0,Ancient_Runes,,,
Hecatys,secret,noobaiXLNAIXL_vPred075SVersion-Euler-40-5.5-301660707-2025-01-02,64,puncture,4,slash,7,impact,4,slash,5,puncture,1,impact,4,5,Common,,,
Vexthara Wraithveil,fantasy,noobaiXLNAIXL_vPred075SVersion-Euler-40-5.5-301660708-2025-01-02,58,puncture,7,slash,4,impact,3,slash,5,puncture,2,impact,6,5,Common,,,
Morgtharathul Dreadgaze,fantasy,noobaiXLNAIXL_vPred075SVersion-Euler-40-5.5-301660709-2025-01-02,84,puncture,9,puncture,9,impact,7,slash,9,puncture,14,impact,8,0,Common,,,
Xalindrya Qoyll,fantasy,noobaiXLNAIXL_vPred075SVersion-Euler-40-5.5-301660710-2025-01-02,23,impact,10,impact,10,impact,4,slash,6,puncture,6,impact,5,4,Common,,,
Kryonvar,secret,noobaiXLNAIXL_vPred075SVersion-Euler-40-5.5-301660711-2025-01-02,64,impact,5,puncture,5,impact,8,slash,2,puncture,1,impact,5,5,Common,,,
Ignifera,fantasy,noobaiXLNAIXL_vPred075SVersion-Euler-40-5.5-301660712-2025-01-02,37,puncture,6,slash,6,impact,3,slash,8,puncture,6,impact,8,3,Common,,,
Jyndor Serkie,fantasy,noobaiXLNAIXL_vPred075SVersion-Euler-40-5.5-301660714-2025-01-02,80,puncture,8,slash,4,impact,4,slash,7,puncture,7,impact,11,2,Common,,,
Tenebrys,secret,noobaiXLNAIXL_vPred075SVersion-Euler-40-5.5-301660715-2025-01-02,49,impact,8,impact,8,impact,6,slash,3,puncture,3,impact,10,4,Common,,,
Niall Radoslav,secret,noobaiXLNAIXL_vPred075SVersion-Euler-40-5.5-301660716-2025-01-02,61,puncture,4,slash,8,impact,5,slash,1,puncture,0,impact,8,5,Common,,,
Fyrandil,fantasy,noobaiXLNAIXL_vPred075SVersion-Euler-40-5.5-301660718-2025-01-02,87,impact,12,impact,12,impact,3,slash,12,puncture,4,impact,5,3,Common,,,
Saelor Urquie,secret,noobaiXLNAIXL_vPred075SVersion-Euler-40-5.5-301660719-2025-01-02,36,puncture,5,slash,3,impact,3,slash,1,puncture,3,impact,3,6,Common,,,
Zalthyr Doomspell,mroczny,noobaiXLNAIXL_vPred075SVersion-Euler-40-5.5-301660720-2025-01-02,26,puncture,5,impact,3,impact,6,slash,0,puncture,4,impact,4,5,Common,Rh'lo,Ancient_Runes,
Kivie Ollie,mroczny,noobaiXLNAIXL_vPred075SVersion-Euler-40-5.5-3226199107-2025-01-02,45,impact,11,impact,11,impact,7,slash,0,puncture,8,impact,8,4,Common,,,
Grimvoxis,fantasy,noobaiXLNAIXL_vPred075SVersion-Euler-40-5.5-3226199108-2025-01-02,34,puncture,9,slash,5,impact,5,slash,7,puncture,4,impact,12,3,Common,,,
Zorynthra Fellspell,secret,noobaiXLNAIXL_vPred075SVersion-Euler-40-5.5-3226199109-2025-01-02,27,puncture,10,puncture,10,impact,3,slash,0,puncture,0,impact,2,0,Common,,,
Hadruk,secret,noobaiXLNAIXL_vPred075SVersion-Euler-40-5.5-3226199110-2025-01-02,31,puncture,7,slash,5,impact,3,slash,5,puncture,5,impact,0,5,Common,,,
Xanthorae Witherspell,fantasy,noobaiXLNAIXL_vPred075SVersion-Euler-40-5.5-3226199111-2025-01-02,41,puncture,4,impact,6,impact,4,slash,3,puncture,6,impact,0,5,Common,,,
Ilie Qoripie,fantasy,noobaiXLNAIXL_vPred075SVersion-Euler-40-5.5-3226199112-2025-01-02,55,impact,10,impact,10,impact,4,slash,8,puncture,1,impact,6,4,Common,,,
Mordrakarathar Netherspell,fantasy,noobaiXLNAIXL_vPred075SVersion-Euler-40-5.5-3226199113-2025-01-02,28,puncture,9,slash,3,impact,6,slash,6,puncture,13,impact,9,1,Common,,,
Galenira EmeraldEye,fantasy,noobaiXLNAIXL_vPred075SVersion-Euler-40-5.5-3226199114-2025-01-02,58,puncture,4,slash,3,impact,4,slash,7,puncture,7,impact,9,3,Common,,,
Ebonthar,secret,noobaiXLNAIXL_vPred075SVersion-Euler-40-5.5-3226199115-2025-01-02,43,puncture,7,shield,2,impact,8,slash,10,puncture,2,impact,11,3,Common,,,
Zephyris Luluna,secret,noobaiXLNAIXL_vPred075SVersion-Euler-40-5.5-3226199116-2025-01-02,84,impact,12,impact,12,impact,5,slash,9,puncture,9,impact,1,3,Common,,,
Heliorith Neith,secret,noobaiXLNAIXL_vPred075SVersion-Euler-40-5.5-3226199117-2025-01-02,35,puncture,6,slash,5,impact,8,slash,2,puncture,8,impact,5,4,Common,,,
Isolily Mayvox,secret,noobaiXLNAIXL_vPred075SVersion-Euler-40-5.5-3226199119-2025-01-02,26,impact,10,impact,10,impact,8,slash,7,puncture,9,impact,7,3,Common,,,
Seraphie Ankhette,fantasy,noobaiXLNAIXL_vPred075SVersion-Euler-40-5.5-3226199120-2025-01-02,45,puncture,2,slash,5,impact,7,slash,4,puncture,7,impact,1,5,Common,,,
Lughan Ironvalor,secret,noobaiXLNAIXL_vPred075SVersion-Euler-40-5.5-3226199121-2025-01-02,68,puncture,10,slash,8,impact,6,slash,3,puncture,2,impact,4,5,Common,,,
Morgtharok Vilethorn,fantasy,noobaiXLNAIXL_vPred075SVersion-Euler-40-5.5-3226199122-2025-01-02,38,puncture,1,slash,7,impact,4,slash,4,puncture,5,impact,5,4,Common,,,
Karlo Thunderfury,fantasy,noobaiXLNAIXL_vPred075SVersion-Euler-40-5.5-3226199123-2025-01-02,79,puncture,4,slash,7,impact,7,slash,0,puncture,2,impact,7,5,Common,,,
Urdessa,mroczny,noobaiXLNAIXL_vPred075SVersion-Euler-40-5.5-3226199126-2025-01-02,95,puncture,1,slash,8,impact,4,slash,0,puncture,0,impact,5,6,Common,,,
Xypharok Soulrend,fantasy,noobaiXLNAIXL_vPred075SVersion-Euler-40-5.5-3226199127-2025-01-02,48,puncture,12,shield,7,impact,5,slash,7,puncture,12,impact,6,2,Kristalion,,,
Azarathys Blackthorn,fantasy,noobaiXLNAIXL_vPred075SVersion-Euler-40-5.5-3226199130-2025-01-02,15,puncture,5,slash,5,impact,5,slash,8,puncture,12,impact,9,1,Common,,,
Hesperie Anulette,fantasy,noobaiXLNAIXL_vPred075SVersion-Euler-40-5.5-3226199133-2025-01-02,63,impact,11,impact,11,impact,4,slash,6,puncture,2,impact,0,5,Common,,,
Drusillia,secret,noobaiXLNAIXL_vPred075SVersion-Euler-40-5.5-3226199134-2025-01-02,86,puncture,1,slash,6,impact,4,slash,1,puncture,6,impact,5,5,Common,,,
Liliandra Wraithmaw,mroczny,noobaiXLNAIXL_vPred075SVersion-Euler-40-5.5-3226199135-2025-01-02,60,puncture,3,slash,4,impact,8,slash,6,puncture,5,impact,3,4,Common,,,
Juno Seraphine,secret,noobaiXLNAIXL_vPred075SVersion-Euler-40-5.5-3226199137-2025-01-02,39,impact,9,impact,9,impact,6,slash,4,puncture,0,impact,9,5,Common,,,
Lythari Moonwhisper,mroczny,noobaiXLNAIXL_vPred075SVersion-Euler-40-5.5-3226199138-2025-01-02,78,puncture,5,slash,8,impact,6,slash,3,puncture,7,impact,8,3,Common,,,
Calanthira Forestheart,fantasy,noobaiXLNAIXL_vPred075SVersion-Euler-40-5.5-3226199139-2025-01-02,47,impact,8,impact,8,impact,4,slash,9,puncture,1,impact,1,5,Common,,,
Umbrynne,mroczny,noobaiXLNAIXL_vPred075SVersion-Euler-40-5.5-3226199140-2025-01-02,57,impact,9,impact,9,impact,7,slash,3,puncture,1,impact,9,5,Common,,,
Eriolira Starseeker,fantasy,noobaiXLNAIXL_vPred075SVersion-Euler-40-5.5-3226199141-2025-01-02,69,puncture,7,slash,4,impact,8,slash,0,puncture,12,impact,9,3,Common,,,
Maeloryth Qetz,secret,noobaiXLNAIXL_vPred075SVersion-Euler-40-5.5-3226199142-2025-01-02,49,impact,2,shield,7,impact,4,slash,6,puncture,8,impact,0,4,Common,,,
Zultharathar Frostspell,secret,noobaiXLNAIXL_vPred075SVersion-Euler-40-5.5-3226199143-2025-01-02,57,puncture,9,slash,4,impact,8,slash,5,puncture,6,impact,8,3,Common,,,
Nocthara,mroczny,noobaiXLNAIXL_vPred075SVersion-Euler-40-5.5-3226199144-2025-01-02,23,puncture,7,shield,10,impact,8,slash,10,puncture,10,impact,2,3,Common,,,
Mysandra,fantasy,noobaiXLNAIXL_vPred075SVersion-Euler-40-5.5-3226199145-2025-01-02,85,impact,10,impact,10,impact,6,slash,1,puncture,0,impact,10,5,Common,,,
Morglyth Skullshade,mroczny,noobaiXLNAIXL_vPred075SVersion-Euler-40-5.5-3226199148-2025-01-02,81,puncture,8,slash,3,impact,3,slash,2,puncture,12,impact,8,3,Common,,,
Dravenarokul Vilespire,fantasy,noobaiXLNAIXL_vPred075SVersion-Euler-40-5.5-3226199150-2025-01-02,58,impact,4,shield,6,impact,5,slash,0,puncture,0,impact,0,0,Common,,,
Brisie Qetzie,forest,noobaiXLNAIXL_vPred075SVersion-Euler-40-5.5-3226199151-2025-01-02,63,impact,11,impact,11,impact,3,slash,3,puncture,2,impact,6,5,Common,Rh'lo,Kristalion,
Lysandra Starseed,mroczny,noobaiXLNAIXL_vPred075SVersion-Euler-40-5.5-3226199152-2025-01-02,53,impact,9,impact,9,impact,6,slash,5,puncture,2,impact,5,5,Common,,,
Zephyrion Voidrend,secret,noobaiXLNAIXL_vPred075SVersion-Euler-40-5.5-3226199154-2025-01-02,98,puncture,6,slash,4,impact,7,slash,8,puncture,4,impact,9,3,Common,,,
Vespera,secret,noobaiXLNAIXL_vPred075SVersion-Euler-40-5.5-3226199156-2025-01-02,75,puncture,8,puncture,8,impact,7,slash,1,puncture,10,impact,3,4,Common,,,
Rhianthra Rimac,mroczny,noobaiXLNAIXL_vPred075SVersion-Euler-40-5.5-3226199159-2025-01-02,27,impact,8,impact,8,impact,5,slash,1,puncture,9,impact,2,5,Common,,,
Zynvoria,secret,noobaiXLNAIXL_vPred075SVersion-Euler-40-5.5-3226199160-2025-01-02,32,puncture,2,slash,6,impact,4,slash,1,puncture,8,impact,5,4,Common,,,
Pyreth,mroczny,noobaiXLNAIXL_vPred075SVersion-Euler-40-5.5-3226199161-2025-01-02,48,impact,8,impact,8,impact,4,slash,3,puncture,7,impact,4,4,Common,,,
Kaeltharathion Doomgaze,fantasy,noobaiXLNAIXL_vPred075SVersion-Euler-40-5.5-3226199162-2025-01-02,88,puncture,2,shield,4,impact,8,slash,5,puncture,2,impact,3,5,Common,,,
Velrith,secret,noobaiXLNAIXL_vPred075SVersion-Euler-40-5.5-3226199163-2025-01-02,46,puncture,9,slash,5,impact,7,slash,3,puncture,10,impact,6,3,Ancient_Runes,,,
Faelvox,fantasy,noobaiXLNAIXL_vPred075SVersion-Euler-40-5.5-3226199164-2025-01-02,90,impact,12,impact,12,impact,7,slash,1,puncture,6,impact,8,4,Common,,,
Fyrandil,mroczny,noobaiXLNAIXL_vPred075SVersion-Euler-40-5.5-3226199167-2025-01-02,89,impact,9,impact,9,impact,8,slash,3,puncture,3,impact,0,6,Kristalion,Ancient_Runes,,
Vaermina,secret,noobaiXLNAIXL_vPred075SVersion-Euler-40-5.5-3226199168-2025-01-02,62,puncture,9,slash,7,impact,4,slash,4,puncture,8,impact,9,3,Common,,,
Sythraxis Doomroot,fantasy,noobaiXLNAIXL_vPred075SVersion-Euler-40-5.5-3226199169-2025-01-02,61,impact,9,impact,9,impact,4,slash,7,puncture,7,impact,6,3,Common,,,
Kaelthas,secret,noobaiXLNAIXL_vPred075SVersion-Euler-40-5.5-3226199171-2025-01-02,80,puncture,9,puncture,9,impact,4,slash,8,puncture,5,impact,9,3,Common,,,
Erebor,secret,noobaiXLNAIXL_vPred075SVersion-Euler-40-5.5-3226199173-2025-01-02,59,puncture,4,shield,5,impact,6,slash,2,puncture,7,impact,8,4,Common,,,
Zyrantha,mroczny,noobaiXLNAIXL_vPred075SVersion-Euler-40-5.5-3226199174-2025-01-02,64,impact,10,impact,10,impact,7,slash,0,puncture,4,impact,8,5,Common,,,
Vexthara Wraithveil,secret,noobaiXLNAIXL_vPred075SVersion-Euler-40-5.5-3226199175-2025-01-02,24,impact,9,impact,9,impact,6,slash,3,puncture,5,impact,5,5,Common,,,
Xalindrya Qoyll,mroczny,noobaiXLNAIXL_vPred075SVersion-Euler-40-5.5-3226199176-2025-01-02,15,impact,11,impact,11,impact,8,slash,1,puncture,8,impact,6,4,Common,,,
Zarok,secret,noobaiXLNAIXL_vPred075SVersion-Euler-40-5.5-3226199177-2025-01-02,74,impact,8,impact,8,impact,3,slash,2,puncture,5,impact,4,5,Common,,,
Kieran Stormhowl,fantasy,noobaiXLNAIXL_vPred075SVersion-Euler-40-5.5-3226199180-2025-01-02,67,puncture,5,shield,1,impact,8,slash,4,puncture,6,impact,6,4,Rh'lo,Ancient_Runes,,
Zha'zix Shadowfire,mroczny,noobaiXLNAIXL_vPred075SVersion-Euler-40-5.5-3226199182-2025-01-02,74,puncture,12,puncture,12,impact,4,slash,10,puncture,10,impact,0,3,Ancient_Runes,,,
Brynhildr Ironfist,secret,noobaiXLNAIXL_vPred075SVersion-Euler-40-5.5-3226199185-2025-01-02,42,puncture,10,slash,3,impact,7,slash,2,puncture,1,impact,0,6,Common,,,
Phaedron,secret,noobaiXLNAIXL_vPred075SVersion-Euler-40-5.5-3226199186-2025-01-02,92,impact,8,impact,8,impact,3,slash,3,puncture,1,impact,8,5,Common,,,
Faelrynia,secret,noobaiXLNAIXL_vPred075SVersion-Euler-40-5.5-3226199187-2025-01-02,72,impact,8,impact,8,impact,8,slash,10,puncture,10,impact,1,3,Common,,,
Zorvath Ghoulfire,magic,noobaiXLNAIXL_vPred075SVersion-Euler-40-5.5-3226199189-2025-01-02,56,impact,10,impact,10,impact,4,slash,2,puncture,4,impact,4,5,Common,Ancient_Runes,Rh'lo,
Zynvolkarul Necroshade,secret,noobaiXLNAIXL_vPred075SVersion-Euler-40-5.5-3226199190-2025-01-02,68,puncture,8,slash,8,impact,7,slash,6,puncture,5,impact,5,4,Ancient_Runes,,,
Elthie Qhapie,fantasy,noobaiXLNAIXL_vPred075SVersion-Euler-40-5.5-3226199192-2025-01-02,53,puncture,10,impact,6,impact,7,slash,2,puncture,3,impact,1,6,Common,,,
Aethie Huaynie,fantasy,noobaiXLNAIXL_vPred075SVersion-Euler-40-5.5-3226199194-2025-01-02,45,puncture,9,slash,5,impact,3,slash,2,puncture,4,impact,2,5,Common,,,
Melwyn Darkstalker,secret,noobaiXLNAIXL_vPred075SVersion-Euler-40-5.5-3226199195-2025-01-02,38,puncture,4,slash,3,impact,7,slash,3,puncture,6,impact,4,5,Common,,,
Lyrumbra,fantasy,noobaiXLNAIXL_vPred075SVersion-Euler-40-5.5-3226199196-2025-01-02,60,impact,10,puncture,8,impact,3,slash,9,puncture,7,impact,4,3,Common,,,
Zha'thik Shadowstep,fantasy,noobaiXLNAIXL_vPred075SVersion-Euler-40-5.5-3226199197-2025-01-02,48,puncture,9,shield,9,impact,3,slash,9,puncture,7,impact,9,2,Common,,,
Tiziano Ranko,fantasy,noobaiXLNAIXL_vPred075SVersion-Euler-40-5.5-3226199198-2025-01-02,73,puncture,7,slash,4,impact,7,slash,5,puncture,13,impact,7,2,Common,,,
Morvath,fantasy,noobaiXLNAIXL_vPred075SVersion-Euler-40-5.5-3226199199-2025-01-02,41,puncture,12,puncture,12,impact,6,slash,8,puncture,11,impact,13,0,Common,,,
Azryth,secret,noobaiXLNAIXL_vPred075SVersion-Euler-40-5.5-3226199200-2025-01-02,38,impact,11,impact,11,impact,7,slash,3,puncture,4,impact,4,5,Common,,,
Jyrgal,secret,noobaiXLNAIXL_vPred075SVersion-Euler-40-5.5-3226199201-2025-01-02,31,impact,12,impact,12,impact,5,slash,7,puncture,2,impact,4,5,Common,,,
Draegor,secret,noobaiXLNAIXL_vPred075SVersion-Euler-40-5.5-3226199204-2025-01-02,64,impact,9,impact,9,impact,4,slash,3,puncture,4,impact,8,4,Common,,,
Maeloryth Qetz,mroczny,noobaiXLNAIXL_vPred075SVersion-Euler-40-5.5-3226199205-2025-01-02,27,impact,10,impact,10,impact,3,slash,9,puncture,5,impact,1,4,Common,,,
Talrynia,fantasy,noobaiXLNAIXL_vPred075SVersion-Euler-40-5.5-3659918325-2025-01-02,23,impact,9,impact,9,impact,3,slash,5,puncture,5,impact,7,4,Rh'lo,,,
Faelrynn,magic,noobaiXLNAIXL_vPred075SVersion-Euler-40-5.5-3659918326-2025-01-02,46,puncture,3,slash,3,impact,4,slash,0,puncture,6,impact,3,5,Rh'lo,Ancient_Runes,Common,
Zylphine Witherveil,fantasy,noobaiXLNAIXL_vPred075SVersion-Euler-40-5.5-3659918327-2025-01-02,43,impact,9,impact,9,impact,3,slash,1,puncture,7,impact,1,5,Rh'lo,Ancient_Runes,Common,
Olyndryth Pacha,fantasy,noobaiXLNAIXL_vPred075SVersion-Euler-40-5.5-3774325477-2025-01-02,43,impact,1,puncture,5,impact,3,slash,5,puncture,4,impact,7,4,Rh'lo,,,
Vynvoxis,mroczny,noobaiXLNAIXL_vPred075SVersion-Euler-40-5.5-3774325479-2025-01-02,83,puncture,5,impact,6,impact,8,slash,4,puncture,2,impact,6,5,Kristalion,,,
Aurora Zephyra,forest,noobaiXLNAIXL_vPred075SVersion-Euler-40-5.5-3774325484-2025-01-02,35,puncture,2,impact,3,impact,6,slash,7,puncture,1,impact,7,4,Rh'lo,Ancient_Runes,Common,Kristalion
Uvanie Wiraqie,forest,noobaiXLNAIXL_vPred075SVersion-Euler-40-5.5-3774325485-2025-01-02,55,impact,8,impact,8,impact,6,slash,0,puncture,2,impact,10,5,Kristalion,,,
Lirvoxar,fantasy,noobaiXLNAIXL_vPred075SVersion-Euler-40-5.5-3774325487-2025-01-02,51,impact,12,impact,12,impact,6,slash,4,puncture,4,impact,10,3,Ancient_Runes,Rh'lo,Common,
Mirabelle Nyxara,forest,noobaiXLNAIXL_vPred075SVersion-Euler-40-5.5-3774325488-2025-01-02,70,impact,11,impact,11,impact,5,slash,4,puncture,2,impact,0,6,Kristalion,Rh'lo,,
Thalzrakulath Grimspell,mroczny,noobaiXLNAIXL_vPred075SVersion-Euler-40-5.5-3774325490-2025-01-02,78,impact,10,impact,10,impact,3,slash,0,puncture,3,impact,5,5,Ancient_Runes,Common,Rh'lo,
Lyraxa Frostweaver,magic,noobaiXLNAIXL_vPred075SVersion-Euler-40-5.5-3774325491-2025-01-02,49,impact,12,impact,12,impact,3,slash,0,puncture,1,impact,9,5,Rh'lo,Ancient_Runes,Common,
Myrvoxis,secret,noobaiXLNAIXL_vPred075SVersion-Euler-40-5.5-3774325492-2025-01-02,74,impact,11,impact,11,impact,6,slash,4,puncture,3,impact,10,4,Common,,,
Gwynor Mancie,secret,noobaiXLNAIXL_vPred075SVersion-Euler-40-5.5-3774325493-2025-01-02,69,puncture,8,impact,5,impact,3,slash,7,puncture,2,impact,9,3,Common,,,
Dravoxis,magic,noobaiXLNAIXL_vPred075SVersion-Euler-40-5.5-3774325494-2025-01-02,83,impact,12,impact,12,impact,4,slash,2,puncture,4,impact,2,5,Common,,,
Ronan Bladestorm,fantasy,noobaiXLNAIXL_vPred075SVersion-Euler-40-5.5-3774325495-2025-01-02,81,puncture,9,slash,6,impact,8,slash,6,puncture,13,impact,4,3,Common,,,
Rhianor Rimie,mroczny,noobaiXLNAIXL_vPred075SVersion-Euler-40-5.5-3774325496-2025-01-02,67,puncture,7,slash,6,impact,8,slash,2,puncture,6,impact,2,5,Kristalion,,,
Olyndryth Pacha,fantasy,noobaiXLNAIXL_vPred075SVersion-Euler-40-5.5-3774325497-2025-01-02,47,puncture,4,slash,8,impact,7,slash,2,puncture,4,impact,9,4,Common,,,
Fendrel,forest,noobaiXLNAIXL_vPred075SVersion-Euler-40-5.5-3774325498-2025-01-02,57,puncture,11,puncture,11,impact,3,slash,0,puncture,3,impact,5,5,Kristalion,,,
Noctivyn,fantasy,noobaiXLNAIXL_vPred075SVersion-Euler-40-5.5-3774325499-2025-01-02,48,impact,11,impact,11,impact,8,slash,4,puncture,0,impact,3,6,Ancient_Runes,Common,Rh'lo,Kristalion
Xalvyr Grimshade,mroczny,noobaiXLNAIXL_vPred075SVersion-Euler-40-5.5-3774325500-2025-01-02,35,puncture,8,slash,6,impact,3,slash,8,puncture,9,impact,9,2,Common,,,
Xarenza Dragonfire,mroczny,noobaiXLNAIXL_vPred075SVersion-Euler-40-5.5-3774325501-2025-01-02,63,impact,9,impact,9,impact,7,slash,0,puncture,3,impact,2,6,Rh'lo,Common,Ancient_Runes,
Azryvoxa,fantasy,noobaiXLNAIXL_vPred075SVersion-Euler-40-5.5-3774325505-2025-01-02,48,puncture,3,slash,6,impact,4,slash,8,puncture,12,impact,8,1,Common,,,
Maelora,fantasy,noobaiXLNAIXL_vPred075SVersion-Euler-40-5.5-3774325508-2025-01-02,35,puncture,6,impact,8,impact,3,slash,0,puncture,4,impact,7,5,Ancient_Runes,Rh'lo,,
Ariniel Starseeker,secret,noobaiXLNAIXL_vPred075SVersion-Euler-40-5.5-3774325511-2025-01-02,25,impact,1,puncture,7,impact,5,slash,6,puncture,6,impact,1,5,Common,,,
Rhaegal,mroczny,noobaiXLNAIXL_vPred075SVersion-Euler-40-5.5-3774325514-2025-01-02,79,impact,12,impact,12,impact,7,slash,5,puncture,9,impact,9,3,Ancient_Runes,Common,Rh'lo,
Xyrran,fantasy,noobaiXLNAIXL_vPred075SVersion-Euler-40-5.5-3774325515-2025-01-02,78,impact,9,impact,9,impact,4,slash,0,puncture,4,impact,10,4,Common,Rh'lo,,
Sephissa Rotthorn,magic,noobaiXLNAIXL_vPred075SVersion-Euler-40-5.5-3774325518-2025-01-02,36,impact,8,impact,8,impact,4,slash,7,puncture,0,impact,8,4,Ancient_Runes,Rh'lo,,
Nefertem Witchfire,magic,noobaiXLNAIXL_vPred075SVersion-Euler-40-5.5-3774325519-2025-01-02,51,impact,11,impact,11,impact,6,slash,2,puncture,7,impact,6,4,Ancient_Runes,,,
Nyrgoth,secret,noobaiXLNAIXL_vPred075SVersion-Euler-40-5.5-3774325521-2025-01-02,59,impact,9,impact,9,impact,3,slash,4,puncture,5,impact,12,3,Common,,,
Wrythos,forest,noobaiXLNAIXL_vPred075SVersion-Euler-40-5.5-3774325522-2025-01-02,27,puncture,8,puncture,8,impact,6,slash,4,puncture,4,impact,7,4,Kristalion,,,
Thoroldira Stormbringer,secret,noobaiXLNAIXL_vPred075SVersion-Euler-40-5.5-3774325523-2025-01-02,15,impact,10,impact,10,impact,8,slash,1,puncture,3,impact,6,5,Common,,,
Luminyss Voidshriek,fantasy,noobaiXLNAIXL_vPred075SVersion-Euler-40-5.5-3774325528-2025-01-02,58,impact,11,impact,11,impact,3,slash,5,puncture,0,impact,2,6,Common,Kristalion,,
Lauro Stormfist,fantasy,noobaiXLNAIXL_vPred075SVersion-Euler-40-5.5-3774325530-2025-01-02,87,puncture,8,slash,8,impact,5,slash,7,puncture,10,impact,9,2,Common,,,
Zivie Suppie,forest,noobaiXLNAIXL_vPred075SVersion-Euler-40-5.5-3774325534-2025-01-02,65,puncture,8,puncture,8,impact,7,slash,2,puncture,1,impact,7,5,Kristalion,Rh'lo,Ancient_Runes,
Urvath,secret,noobaiXLNAIXL_vPred075SVersion-Euler-40-5.5-3774325539-2025-01-02,36,puncture,6,slash,4,impact,5,slash,1,puncture,7,impact,3,5,Common,,,
Pyri Sekhette,forest,noobaiXLNAIXL_vPred075SVersion-Euler-40-5.5-3774325544-2025-01-02,33,puncture,5,slash,8,impact,3,slash,6,puncture,5,impact,2,5,Kristalion,,,
Thalzrakar Frostthorn,magic,noobaiXLNAIXL_vPred075SVersion-Euler-40-5.5-3774325546-2025-01-02,62,impact,8,impact,8,impact,3,slash,6,puncture,2,impact,10,3,Common,Rh'lo,,
Thalzrakon Grimflayer,fantasy,noobaiXLNAIXL_vPred075SVersion-Euler-40-5.5-3774325547-2025-01-02,82,puncture,4,impact,5,impact,3,slash,4,puncture,2,impact,4,5,Rh'lo,Ancient_Runes,Common,
Morgtharul Dreadhymn,secret,noobaiXLNAIXL_vPred075SVersion-Euler-40-5.5-3774325548-2025-01-02,62,puncture,10,puncture,10,impact,6,slash,4,puncture,6,impact,11,3,Common,,,
Valtoraea Darkhunter,fantasy,noobaiXLNAIXL_vPred075SVersion-Euler-40-5.5-3774325549-2025-01-02,24,impact,11,impact,11,impact,4,slash,6,puncture,2,impact,3,5,Common,Kristalion,Ancient_Runes,
Uma Aelindra,magic,noobaiXLNAIXL_vPred075SVersion-Euler-40-5.5-3774325550-2025-01-02,18,impact,12,impact,12,impact,6,slash,6,puncture,5,impact,2,5,Rh'lo,Common,Ancient_Runes,
Brontie Tlaltie,secret,noobaiXLNAIXL_vPred075SVersion-Euler-40-5.5-3774325551-2025-01-02,15,impact,8,puncture,5,impact,5,slash,0,puncture,7,impact,6,5,Common,,,
Miralithra Topac,magic,noobaiXLNAIXL_vPred075SVersion-Euler-40-5.5-3774325552-2025-01-02,24,impact,9,impact,9,impact,5,slash,2,puncture,7,impact,3,5,Rh'lo,Ancient_Runes,,
Zynvolkar Doomthorn,fantasy,noobaiXLNAIXL_vPred075SVersion-Euler-40-5.5-3774325553-2025-01-02,39,slash,11,slash,11,impact,6,slash,5,puncture,7,impact,8,3,Common,Kristalion,,
Izaroth,fantasy,noobaiXLNAIXL_vPred075SVersion-Euler-40-5.5-3774325556-2025-01-02,53,puncture,7,slash,7,impact,4,slash,2,puncture,7,impact,14,3,Ancient_Runes,Common,,
Skarlena,fantasy,noobaiXLNAIXL_vPred075SVersion-Euler-40-5.5-3774325569-2025-01-02,22,puncture,4,shield,10,impact,5,slash,2,puncture,8,impact,13,3,Common,,,
Xylara Darksong,fantasy,noobaiXLNAIXL_vPred075SVersion-Euler-40-5.5-3774325571-2025-01-02,57,puncture,4,slash,8,impact,6,slash,4,puncture,3,impact,7,4,Ancient_Runes,,,
Vynlota Frostweaver,fantasy,noobaiXLNAIXL_vPred075SVersion-Euler-40-5.5-3774325574-2025-01-02,60,puncture,9,slash,6,impact,5,slash,2,puncture,13,impact,5,3,Common,,,
Nethvoxar,fantasy,noobaiXLNAIXL_vPred075SVersion-Euler-40-5.5-3774325576-2025-01-02,78,impact,8,impact,8,impact,8,slash,2,puncture,6,impact,2,5,Common,,,
Ultan Srecko,fantasy,noobaiXLNAIXL_vPred075SVersion-Euler-40-5.5-3797175801-2025-01-02,83,impact,12,impact,12,impact,3,slash,7,puncture,7,impact,7,3,Rh'lo,Ancient_Runes,Common,
Lyraea Nightdancer,fantasy,noobaiXLNAIXL_vPred075SVersion-Euler-40-5.5-3797175803-2025-01-02,73,impact,8,impact,8,impact,6,slash,6,puncture,9,impact,10,2,Common,,,
Nova Thalindra,fantasy,noobaiXLNAIXL_vPred075SVersion-Euler-40-5.5-3797175804-2025-01-02,30,impact,9,impact,9,impact,4,slash,3,puncture,2,impact,9,4,Common,,,
Nocturnys Viledusk,fantasy,noobaiXLNAIXL_vPred075SVersion-Euler-40-5.5-3797175805-2025-01-02,15,puncture,3,slash,7,impact,6,slash,3,puncture,9,impact,6,3,Common,Ancient_Runes,,
Kalandra Vileheart,fantasy,noobaiXLNAIXL_vPred075SVersion-Euler-40-5.5-3797175806-2025-01-02,54,impact,12,impact,12,impact,6,slash,4,puncture,0,impact,3,6,Ancient_Runes,Common,,
Isolthra Maevox,secret,noobaiXLNAIXL_vPred075SVersion-Euler-40-5.5-3797175807-2025-01-02,26,impact,11,impact,11,impact,6,slash,7,puncture,7,impact,7,3,Common,,,
Indira Nyxara,fantasy,noobaiXLNAIXL_vPred075SVersion-Euler-40-5.5-3797175808-2025-01-02,52,puncture,6,shield,4,impact,6,slash,10,puncture,12,impact,2,2,Common,,,
Ignifera,secret,noobaiXLNAIXL_vPred075SVersion-Euler-40-5.5-3797175809-2025-01-02,76,puncture,10,slash,7,impact,7,slash,4,puncture,4,impact,8,4,Common,,,
Nephyssa Plaguesong,mroczny,noobaiXLNAIXL_vPred075SVersion-Euler-40-5.5-3797175812-2025-01-02,60,impact,11,impact,11,impact,6,slash,0,puncture,2,impact,8,5,Common,,,
Nyxthora Ghoulroot,fantasy,noobaiXLNAIXL_vPred075SVersion-Euler-40-5.5-3797175813-2025-01-02,22,puncture,4,slash,5,impact,8,slash,0,puncture,9,impact,2,5,Common,,,
Elunor Tlalli,secret,noobaiXLNAIXL_vPred075SVersion-Euler-40-5.5-3797175814-2025-01-02,59,impact,5,puncture,8,impact,7,slash,0,puncture,5,impact,10,4,Common,,,
Liribelle Tawette,fantasy,noobaiXLNAIXL_vPred075SVersion-Euler-40-5.5-3797175816-2025-01-02,24,impact,12,impact,12,impact,3,slash,2,puncture,5,impact,3,5,Rh'lo,Ancient_Runes,Common,
Olynie Pachie,secret,noobaiXLNAIXL_vPred075SVersion-Euler-40-5.5-3797175819-2025-01-02,47,impact,8,impact,8,impact,4,slash,4,puncture,2,impact,2,5,Common,,,
Xalindra Nightshriek,fantasy,noobaiXLNAIXL_vPred075SVersion-Euler-40-5.5-3797175820-2025-01-02,67,impact,12,impact,12,impact,7,slash,5,puncture,6,impact,6,4,Rh'lo,Common,,
Nefertem Witchwood,fantasy,noobaiXLNAIXL_vPred075SVersion-Euler-40-5.5-3797175823-2025-01-02,66,impact,8,impact,8,impact,5,slash,4,puncture,1,impact,10,4,Ancient_Runes,,,
Thalia Moonwhisper,fantasy,noobaiXLNAIXL_vPred075SVersion-Euler-40-5.5-3797175824-2025-01-02,52,puncture,10,slash,4,impact,6,slash,7,puncture,11,impact,9,1,Common,,,
Ylvi Huacie,fantasy,noobaiXLNAIXL_vPred075SVersion-Euler-40-5.5-3797175825-2025-01-02,71,puncture,10,slash,8,impact,8,slash,6,puncture,4,impact,5,4,Common,,,
Morumbra,mroczny,noobaiXLNAIXL_vPred075SVersion-Euler-40-5.5-3797175826-2025-01-02,46,puncture,5,impact,6,impact,5,slash,5,puncture,4,impact,4,5,Common,,,
Pyris Sekhie,fantasy,noobaiXLNAIXL_vPred075SVersion-Euler-40-5.5-3797175828-2025-01-02,94,puncture,10,shield,4,impact,6,slash,4,puncture,9,impact,11,2,Common,,,
Vorgulthrakulion Blightshriek,fantasy,noobaiXLNAIXL_vPred075SVersion-Euler-40-5.5-3797175829-2025-01-02,63,puncture,8,slash,3,impact,6,slash,9,puncture,10,impact,10,1,Common,,,
Lyrax,fantasy,noobaiXLNAIXL_vPred075SVersion-Euler-40-5.5-3797175832-2025-01-02,39,puncture,6,shield,10,impact,7,slash,2,puncture,14,impact,2,3,Common,,,
Vrykkarokion Boneflame,fantasy,noobaiXLNAIXL_vPred075SVersion-Euler-40-5.5-3797175833-2025-01-02,79,puncture,1,slash,5,impact,6,slash,4,puncture,4,impact,6,4,Common,,,
Ysmi Qoripuff,fantasy,noobaiXLNAIXL_vPred075SVersion-Euler-40-5.5-3797175836-2025-01-02,20,impact,9,shield,4,impact,8,slash,1,puncture,4,impact,4,5,Common,,,
Ysmer Qoripuff,fantasy,noobaiXLNAIXL_vPred075SVersion-Euler-40-5.5-3797175838-2025-01-02,84,puncture,3,shield,2,impact,3,slash,2,puncture,5,impact,2,5,Common,,,
Ylthar,fantasy,noobaiXLNAIXL_vPred075SVersion-Euler-40-5.5-3797175839-2025-01-02,95,puncture,6,slash,4,impact,8,slash,5,puncture,7,impact,3,4,Common,,,
Xalie Qoyllie,secret,noobaiXLNAIXL_vPred075SVersion-Euler-40-5.5-3797175843-2025-01-02,37,puncture,10,shield,7,impact,3,slash,8,puncture,10,impact,8,2,Common,,,
Aethie Huaynie,secret,noobaiXLNAIXL_vPred075SVersion-Euler-40-5.5-3797175844-2025-01-02,16,impact,8,impact,8,impact,4,slash,2,puncture,4,impact,0,6,Common,,,
Zhuldan,forest,noobaiXLNAIXL_vPred075SVersion-Euler-40-5.5-3797175845-2025-01-02,30,puncture,3,slash,6,impact,4,slash,7,puncture,4,impact,2,5,Kristalion,,,
Xyraphon,forest,noobaiXLNAIXL_vPred075SVersion-Euler-40-5.5-3797175847-2025-01-02,52,puncture,12,puncture,12,impact,4,slash,5,puncture,6,impact,6,4,Kristalion,,,
Vespera Duskbane,fantasy,noobaiXLNAIXL_vPred075SVersion-Euler-40-5.5-3797175850-2025-01-02,68,puncture,5,impact,5,impact,4,slash,5,puncture,7,impact,5,4,Rh'lo,Ancient_Runes,Common,
Cythie Anqie,mroczny,noobaiXLNAIXL_vPred075SVersion-Euler-40-5.5-3797175851-2025-01-02,26,impact,9,impact,9,impact,4,slash,2,puncture,5,impact,0,6,Kristalion,,,
Yara Morwenna,mroczny,noobaiXLNAIXL_vPred075SVersion-Euler-40-5.5-3797175852-2025-01-02,67,impact,2,puncture,7,impact,3,slash,10,puncture,1,impact,2,5,Common,,,
Nefarian,secret,noobaiXLNAIXL_vPred075SVersion-Euler-40-5.5-3797175855-2025-01-02,56,puncture,2,impact,5,impact,7,slash,4,puncture,9,impact,8,3,Common,,,
Kryonvoxar,forest,noobaiXLNAIXL_vPred075SVersion-Euler-40-5.5-3797175857-2025-01-02,50,puncture,10,slash,6,impact,3,slash,2,puncture,6,impact,0,5,Kristalion,,,
Rhaenie Viracue,fantasy,noobaiXLNAIXL_vPred075SVersion-Euler-40-5.5-3797175858-2025-01-02,50,impact,10,impact,10,impact,3,slash,1,puncture,0,impact,3,6,Common,,,
Xeridiana Moonwhisper,fantasy,noobaiXLNAIXL_vPred075SVersion-Euler-40-5.5-3797175860-2025-01-02,32,puncture,3,slash,8,impact,8,slash,7,puncture,7,impact,8,3,Common,Ancient_Runes,,
Dravenarokath Skullveil,fantasy,noobaiXLNAIXL_vPred075SVersion-Euler-40-5.5-3797175861-2025-01-02,46,impact,2,puncture,8,impact,6,slash,2,puncture,8,impact,10,3,Common,,,
Ciro Stormfury,fantasy,noobaiXLNAIXL_vPred075SVersion-Euler-40-5.5-3797175864-2025-01-02,37,puncture,8,slash,8,impact,7,slash,3,puncture,11,impact,11,2,Common,,,
Nocturna Vilemaw,magic,noobaiXLNAIXL_vPred075SVersion-Euler-40-5.5-3797175867-2025-01-02,64,puncture,4,slash,7,impact,8,slash,6,puncture,6,impact,12,2,Ancient_Runes,Common,Rh'lo,
Ignatius,fantasy,noobaiXLNAIXL_vPred075SVersion-Euler-40-5.5-3797175869-2025-01-02,87,puncture,7,shield,10,impact,7,slash,12,puncture,13,impact,5,0,Common,,,
Urdessa,fantasy,noobaiXLNAIXL_vPred075SVersion-Euler-40-5.5-3797175870-2025-01-02,64,puncture,10,shield,1,impact,8,slash,5,puncture,10,impact,4,3,Common,,,
Duskvox,secret,noobaiXLNAIXL_vPred075SVersion-Euler-40-5.5-3797175871-2025-01-02,54,impact,11,impact,11,impact,5,slash,7,puncture,1,impact,6,4,Common,,,
Elystris Wraithbloom,mroczny,noobaiXLNAIXL_vPred075SVersion-Euler-40-5.5-3797175872-2025-01-02,23,impact,10,impact,10,impact,8,slash,5,puncture,1,impact,3,5,Common,,,
Vexenya Corpsebloom,fantasy,noobaiXLNAIXL_vPred075SVersion-Euler-40-5.5-3797175873-2025-01-02,34,impact,9,impact,9,impact,4,slash,5,puncture,7,impact,8,3,Common,,,
Kethriana Shadowstep,fantasy,noobaiXLNAIXL_vPred075SVersion-Euler-40-5.5-3797175875-2025-01-02,68,puncture,2,impact,6,impact,3,slash,2,puncture,7,impact,5,4,Ancient_Runes,Rh'lo,Common,
Nefertem Witchfire,fantasy,noobaiXLNAIXL_vPred075SVersion-Euler-40-5.5-3797175877-2025-01-02,49,impact,12,impact,12,impact,3,slash,4,puncture,3,impact,4,5,Common,,,
Quirino Ironfist,fantasy,noobaiXLNAIXL_vPred075SVersion-Euler-40-5.5-3797175878-2025-01-02,35,puncture,8,slash,7,impact,6,slash,4,puncture,5,impact,1,5,Common,,,
Brontis Tlaltie,secret,noobaiXLNAIXL_vPred075SVersion-Euler-40-5.5-3797175879-2025-01-02,69,puncture,1,slash,7,impact,7,slash,1,puncture,4,impact,4,5,Common,,,
Umbravox,mroczny,noobaiXLNAIXL_vPred075SVersion-Euler-40-5.5-3797175880-2025-01-02,99,puncture,11,puncture,11,impact,6,slash,0,puncture,1,impact,2,6,Ancient_Runes,,,
Xalthora Voidscream,fantasy,noobaiXLNAIXL_vPred075SVersion-Euler-40-5.5-3797175883-2025-01-02,26,impact,11,impact,11,impact,3,slash,8,puncture,6,impact,5,3,Common,,,
Vynarith Titic,mroczny,noobaiXLNAIXL_vPred075SVersion-Euler-40-5.5-3797175884-2025-01-02,26,impact,10,impact,10,impact,7,slash,1,puncture,2,impact,6,5,Common,,,
Yara Morwenna,fantasy,noobaiXLNAIXL_vPred075SVersion-Euler-40-5.5-3797175886-2025-01-02,45,puncture,5,slash,4,impact,5,slash,4,puncture,9,impact,12,2,Common,,,
Sylvarith Coya,fantasy,noobaiXLNAIXL_vPred075SVersion-Euler-40-5.5-3797175888-2025-01-02,54,puncture,8,slash,8,impact,8,slash,6,puncture,10,impact,9,2,Ancient_Runes,Common,,
Mordrakul Soulflayer,fantasy,noobaiXLNAIXL_vPred075SVersion-Euler-40-5.5-3797175890-2025-01-02,94,puncture,8,shield,5,impact,6,slash,3,puncture,13,impact,4,3,Kristalion,Common,,
Tindor Bastie,fantasy,noobaiXLNAIXL_vPred075SVersion-Euler-40-5.5-3797175891-2025-01-02,50,impact,8,impact,8,impact,4,slash,2,puncture,2,impact,3,6,Common,,,
Yara Lysandra,fantasy,noobaiXLNAIXL_vPred075SVersion-Euler-40-5.5-3797175894-2025-01-02,40,impact,10,impact,10,impact,6,slash,9,puncture,9,impact,7,2,Common,,,
Luthien Tawpie,fantasy,noobaiXLNAIXL_vPred075SVersion-Euler-40-5.5-3797175896-2025-01-02,46,puncture,5,impact,6,impact,5,slash,8,puncture,10,impact,10,1,Kristalion,Common,Ancient_Runes,
Zultharokar Frostflayer,fantasy,noobaiXLNAIXL_vPred075SVersion-Euler-40-5.5-3797175897-2025-01-02,39,puncture,10,slash,6,impact,6,slash,2,puncture,5,impact,12,3,Ancient_Runes,Common,,
Aurelio Warbringer,secret,noobaiXLNAIXL_vPred075SVersion-Euler-40-5.5-3797175899-2025-01-02,54,impact,5,puncture,6,impact,5,slash,0,puncture,7,impact,12,3,Common,,,
Vorgrimm Skullbane,forest,noobaiXLNAIXL_vPred075SVersion-Euler-40-5.5-3834875329-2025-01-02,70,impact,8,impact,8,impact,4,slash,3,puncture,2,impact,10,4,Kristalion,,,
Lirienya Tawaret,magic,noobaiXLNAIXL_vPred075SVersion-Euler-40-5.5-3834875330-2025-01-02,20,impact,11,impact,11,impact,8,slash,6,puncture,6,impact,1,5,Ancient_Runes,Rh'lo,,
Ysennarae Ghoulhymn,secret,noobaiXLNAIXL_vPred075SVersion-Euler-40-5.5-3834875333-2025-01-02,24,impact,8,impact,8,impact,4,slash,0,puncture,3,impact,6,5,Common,,,
Iskarius,mroczny,noobaiXLNAIXL_vPred075SVersion-Euler-40-5.5-3834875336-2025-01-02,74,impact,12,impact,12,impact,4,slash,4,puncture,2,impact,0,6,Common,,,
Lyssor Huayrie,secret,noobaiXLNAIXL_vPred075SVersion-Euler-40-5.5-3834875338-2025-01-02,58,puncture,4,slash,7,impact,3,slash,3,puncture,2,impact,8,5,Common,,,
Skolvox,mroczny,noobaiXLNAIXL_vPred075SVersion-Euler-40-5.5-3834875339-2025-01-02,33,impact,10,impact,10,impact,8,slash,0,puncture,2,impact,2,6,Common,Ancient_Runes,Rh'lo,
Daphne Morwenna,mroczny,noobaiXLNAIXL_vPred075SVersion-Euler-40-5.5-3834875341-2025-01-02,63,puncture,10,puncture,10,impact,6,slash,1,puncture,5,impact,10,4,Kristalion,,,
Vespera Duskbane,mroczny,noobaiXLNAIXL_vPred075SVersion-Euler-40-5.5-3834875344-2025-01-02,51,puncture,6,shield,6,impact,4,slash,6,puncture,9,impact,0,4,Common,,,
Aelwynne Pippit,mroczny,noobaiXLNAIXL_vPred075SVersion-Euler-40-5.5-3834875345-2025-01-02,49,puncture,1,slash,5,impact,7,slash,2,puncture,2,impact,9,5,Common,,,
Ravyntha,forest,noobaiXLNAIXL_vPred075SVersion-Euler-40-5.5-3834875348-2025-01-02,34,puncture,6,slash,6,impact,8,slash,6,puncture,0,impact,2,5,Kristalion,,,
Wrenarith Huanc,forest,noobaiXLNAIXL_vPred075SVersion-Euler-40-5.5-3834875351-2025-01-02,42,impact,10,impact,10,impact,6,slash,8,puncture,1,impact,5,4,Kristalion,,,
Gharneth Soulflayer,fantasy,noobaiXLNAIXL_vPred075SVersion-Euler-40-5.5-3834875352-2025-01-02,40,impact,9,impact,9,impact,7,slash,4,puncture,9,impact,5,3,Common,,,
Vryxarok Soulshriek,secret,noobaiXLNAIXL_vPred075SVersion-Euler-40-5.5-3834875355-2025-01-02,82,puncture,1,slash,6,impact,3,slash,4,puncture,4,impact,9,4,Common,,,
Xarenza Dragonfire,secret,noobaiXLNAIXL_vPred075SVersion-Euler-40-5.5-3834875356-2025-01-02,71,impact,8,impact,8,impact,5,slash,5,puncture,4,impact,0,5,Common,,,
Diomie Huay,magic,noobaiXLNAIXL_vPred075SVersion-Euler-40-5.5-3834875358-2025-01-02,34,puncture,9,slash,4,impact,6,slash,3,puncture,6,impact,1,5,Common,Rh'lo,,
Skarlena,fantasy,noobaiXLNAIXL_vPred075SVersion-Euler-40-5.5-3834875359-2025-01-02,31,puncture,7,slash,4,impact,5,slash,10,puncture,10,impact,2,3,Common,,,
Lirvoxa,forest,noobaiXLNAIXL_vPred075SVersion-Euler-40-5.5-3834875360-2025-01-02,66,puncture,9,puncture,9,impact,7,slash,2,puncture,0,impact,9,5,Common,Ancient_Runes,,
Dravumbra,magic,noobaiXLNAIXL_vPred075SVersion-Euler-40-5.5-3834875365-2025-01-02,55,impact,9,impact,9,impact,4,slash,2,puncture,7,impact,5,4,Common,Ancient_Runes,,
Phaedor Tumie,secret,noobaiXLNAIXL_vPred075SVersion-Euler-40-5.5-3834875369-2025-01-02,71,puncture,6,slash,8,impact,4,slash,6,puncture,11,impact,9,2,Common,,,
Fenryth,secret,noobaiXLNAIXL_vPred075SVersion-Euler-40-5.5-3834875372-2025-01-02,47,puncture,3,slash,4,impact,8,slash,0,puncture,3,impact,2,6,Common,,,
Indira Elowen,secret,noobaiXLNAIXL_vPred075SVersion-Euler-40-5.5-3834875376-2025-01-02,30,puncture,11,puncture,11,impact,6,slash,4,puncture,2,impact,8,4,Common,,,
Mirie Topie,mroczny,noobaiXLNAIXL_vPred075SVersion-Euler-40-5.5-3834875377-2025-01-02,39,puncture,3,slash,6,impact,5,slash,0,puncture,9,impact,5,4,Common,,,
Rory Dalibor,magic,noobaiXLNAIXL_vPred075SVersion-Euler-40-5.5-3834875378-2025-01-02,84,puncture,10,puncture,10,impact,4,slash,6,puncture,6,impact,2,4,Ancient_Runes,Rh'lo,,
Maeloryth Qetz,secret,noobaiXLNAIXL_vPred075SVersion-Euler-40-5.5-3834875379-2025-01-02,63,puncture,11,puncture,11,impact,4,slash,2,puncture,2,impact,6,5,Common,,,
Ravynne,forest,noobaiXLNAIXL_vPred075SVersion-Euler-40-5.5-3834875381-2025-01-02,53,puncture,3,slash,5,impact,8,slash,2,puncture,5,impact,2,5,Kristalion,,,
Nethumbra,magic,noobaiXLNAIXL_vPred075SVersion-Euler-40-5.5-3834875383-2025-01-02,34,impact,9,impact,9,impact,7,slash,2,puncture,2,impact,0,6,Common,,,
Pyraxus,secret,noobaiXLNAIXL_vPred075SVersion-Euler-40-5.5-3834875387-2025-01-02,89,impact,11,impact,11,impact,8,slash,8,puncture,5,impact,11,2,Common,,,
Brisor Qetzie,fantasy,noobaiXLNAIXL_vPred075SVersion-Euler-40-5.5-3834875392-2025-01-02,83,puncture,9,impact,5,impact,8,slash,2,puncture,6,impact,3,5,Common,,,
Wrenie Huancie,mroczny,noobaiXLNAIXL_vPred075SVersion-Euler-40-5.5-3834875393-2025-01-02,32,impact,8,impact,8,impact,8,slash,0,puncture,1,impact,9,5,Ancient_Runes,Rh'lo,Common,
Thalzrakath Blightspell,fantasy,noobaiXLNAIXL_vPred075SVersion-Euler-40-5.5-3834875395-2025-01-02,70,puncture,3,slash,4,impact,7,slash,1,puncture,9,impact,5,4,Common,,,
Ylvethra,mroczny,noobaiXLNAIXL_vPred075SVersion-Euler-40-5.5-3834875397-2025-01-02,71,puncture,10,slash,3,impact,4,slash,9,puncture,6,impact,3,3,Common,,,
Zyrantha,magic,noobaiXLNAIXL_vPred075SVersion-Euler-40-5.5-3834875398-2025-01-02,39,impact,3,puncture,6,impact,7,slash,0,puncture,1,impact,2,6,Common,Ancient_Runes,,
Drakthar,forest,noobaiXLNAIXL_vPred075SVersion-Euler-40-5.5-3834875399-2025-01-02,61,impact,12,impact,12,impact,8,slash,6,puncture,4,impact,9,3,Kristalion,,,
Gwythie Supie,fantasy,noobaiXLNAIXL_vPred075SVersion-Euler-40-5.5-3834875400-2025-01-02,17,puncture,1,slash,5,impact,6,slash,1,puncture,4,impact,8,5,Kristalion,Common,,
Grimvayne,forest,noobaiXLNAIXL_vPred075SVersion-Euler-40-5.5-3834875411-2025-01-02,51,puncture,8,slash,6,impact,6,slash,9,puncture,7,impact,9,2,Common,Kristalion,,
Vornash Darkhymn,fantasy,noobaiXLNAIXL_vPred075SVersion-Euler-40-5.5-3834875417-2025-01-02,68,puncture,2,slash,7,impact,5,slash,6,puncture,7,impact,9,3,Kristalion,,,
Nyktoria Shadowglow,fantasy,noobaiXLNAIXL_vPred075SVersion-Euler-40-5.5-3834875423-2025-01-02,62,puncture,7,shield,7,impact,8,slash,7,puncture,9,impact,12,1,Common,,,
Nemesys,secret,noobaiXLNAIXL_vPred075SVersion-Euler-40-5.5-3834875425-2025-01-02,76,impact,8,impact,8,impact,6,slash,9,puncture,9,impact,9,1,Common,,,
Xalindrae Soulvein,fantasy,noobaiXLNAIXL_vPred075SVersion-Euler-40-5.5-3834875427-2025-01-02,18,puncture,2,impact,8,impact,5,slash,5,puncture,7,impact,5,4,Common,Rh'lo,,
Dravenarathion Skullthorn,secret,noobaiXLNAIXL_vPred075SVersion-Euler-40-5.5-3873740101-2025-01-02,79,impact,11,impact,11,impact,8,slash,7,puncture,3,impact,6,4,Common,,,
Italo Jadranko,magic,noobaiXLNAIXL_vPred075SVersion-Euler-40-5.5-3873740103-2025-01-02,40,impact,10,impact,10,impact,6,slash,7,puncture,4,impact,0,5,Rh'lo,Ancient_Runes,Common,
Thalzrakath Blightspell,fantasy,noobaiXLNAIXL_vPred075SVersion-Euler-40-5.5-3873740104-2025-01-02,78,puncture,1,slash,5,impact,8,slash,5,puncture,4,impact,4,5,Common,,,
Solthar,mroczny,noobaiXLNAIXL_vPred075SVersion-Euler-40-5.5-3873740105-2025-01-02,69,puncture,10,slash,7,impact,7,slash,4,puncture,4,impact,11,3,Common,,,
Xalgaratharok Vileshade,mroczny,noobaiXLNAIXL_vPred075SVersion-Euler-40-5.5-3873740106-2025-01-02,42,puncture,7,slash,7,impact,3,slash,2,puncture,3,impact,11,4,Kristalion,,,
Abyssian,secret,noobaiXLNAIXL_vPred075SVersion-Euler-40-5.5-3873740110-2025-01-02,87,puncture,2,slash,6,impact,4,slash,0,puncture,4,impact,2,6,Common,,,
Xypharul Witherflame,fantasy,noobaiXLNAIXL_vPred075SVersion-Euler-40-5.5-3873740112-2025-01-02,42,impact,1,puncture,4,impact,4,slash,3,puncture,0,impact,0,6,Ancient_Runes,,,
Draelith,secret,noobaiXLNAIXL_vPred075SVersion-Euler-40-5.5-3873740113-2025-01-02,65,impact,7,puncture,4,impact,7,slash,10,puncture,6,impact,0,4,Common,,,
Qyrath,secret,noobaiXLNAIXL_vPred075SVersion-Euler-40-5.5-3873740115-2025-01-02,43,puncture,10,slash,3,impact,4,slash,0,puncture,7,impact,5,5,Common,,,
Morgathra Fellshriek,fantasy,noobaiXLNAIXL_vPred075SVersion-Euler-40-5.5-3873740116-2025-01-02,74,puncture,3,slash,6,impact,5,slash,6,puncture,2,impact,10,3,Ancient_Runes,,,
Faerind Huascie,secret,noobaiXLNAIXL_vPred075SVersion-Euler-40-5.5-3873740118-2025-01-02,75,impact,1,puncture,3,impact,5,slash,2,puncture,6,impact,2,5,Common,,,
Nythor,secret,noobaiXLNAIXL_vPred075SVersion-Euler-40-5.5-3873740121-2025-01-02,53,puncture,10,puncture,10,impact,6,slash,6,puncture,9,impact,4,3,Common,,,
Caelan,mroczny,noobaiXLNAIXL_vPred075SVersion-Euler-40-5.5-3873740122-2025-01-02,35,puncture,3,slash,7,impact,3,slash,1,puncture,2,impact,8,5,Ancient_Runes,,,
Lirvoxis,fantasy,noobaiXLNAIXL_vPred075SVersion-Euler-40-5.5-3873740123-2025-01-02,73,puncture,3,slash,8,impact,5,slash,7,puncture,6,impact,13,2,Common,,,
Necressa,fantasy,noobaiXLNAIXL_vPred075SVersion-Euler-40-5.5-3873740124-2025-01-02,27,puncture,6,slash,7,impact,4,slash,6,puncture,9,impact,11,2,Common,,,
Zynestra Darkhymn,mroczny,noobaiXLNAIXL_vPred075SVersion-Euler-40-5.5-389014188-2025-01-02,41,puncture,11,puncture,11,impact,4,slash,4,puncture,8,impact,11,3,Common,,,
Zola Thalindra,fantasy,noobaiXLNAIXL_vPred075SVersion-Euler-40-5.5-4033172541-2025-01-02,27,impact,8,impact,8,impact,7,slash,0,puncture,10,impact,7,4,Common,,,
Erebethra Soulflayer,mroczny,noobaiXLNAIXL_vPred075SVersion-Euler-40-5.5-4033172542-2025-01-02,56,impact,12,impact,12,impact,3,slash,10,puncture,1,impact,5,4,Common,,,
Xylvoxa,magic,noobaiXLNAIXL_vPred075SVersion-Euler-40-5.5-4033172545-2025-01-02,34,impact,10,impact,10,impact,7,slash,2,puncture,4,impact,8,4,Ancient_Runes,Common,,
Aethryna Huayna,secret,noobaiXLNAIXL_vPred075SVersion-Euler-40-5.5-4033172552-2025-01-02,18,impact,8,impact,8,impact,6,slash,5,puncture,6,impact,2,5,Common,,,
Sythraxis Doomroot,mroczny,noobaiXLNAIXL_vPred075SVersion-Euler-40-5.5-4033172553-2025-01-02,45,impact,10,impact,10,impact,6,slash,6,puncture,5,impact,10,3,Rh'lo,,,
Zephyris Luluna,secret,noobaiXLNAIXL_vPred075SVersion-Euler-40-5.5-4033172559-2025-01-02,74,impact,9,impact,9,impact,6,slash,5,puncture,1,impact,7,5,Common,,,
Liliandra Wraithmaw,magic,noobaiXLNAIXL_vPred075SVersion-Euler-40-5.5-4033172569-2025-01-02,38,impact,12,impact,12,impact,4,slash,6,puncture,2,impact,9,4,Ancient_Runes,Common,,
Lyriquin Darkweaver,magic,noobaiXLNAIXL_vPred075SVersion-Euler-40-5.5-4033172571-2025-01-02,17,impact,9,impact,9,impact,4,slash,7,puncture,13,impact,3,3,Common,,,
Grimvayne,fantasy,noobaiXLNAIXL_vPred075SVersion-Euler-40-5.5-4033172575-2025-01-02,74,puncture,6,slash,8,impact,7,slash,2,puncture,6,impact,8,4,Common,,,
Zoryndra Blackveil,magic,noobaiXLNAIXL_vPred075SVersion-Euler-40-5.5-4033172592-2025-01-02,44,puncture,10,puncture,10,impact,7,slash,8,puncture,10,impact,2,3,Common,Ancient_Runes,,
Noctivyn,fantasy,noobaiXLNAIXL_vPred075SVersion-Euler-40-5.5-4033172596-2025-01-02,67,puncture,10,shield,8,impact,7,slash,4,puncture,4,impact,3,5,Ancient_Runes,Common,Rh'lo,
Maelie Qetzie,fantasy,noobaiXLNAIXL_vPred075SVersion-Euler-40-5.5-4033172597-2025-01-02,57,impact,8,impact,8,impact,3,slash,4,puncture,6,impact,2,5,Common,Ancient_Runes,,
Taryvox,secret,noobaiXLNAIXL_vPred075SVersion-Euler-40-5.5-4033172599-2025-01-02,31,puncture,6,impact,4,impact,8,slash,10,puncture,7,impact,6,3,Common,,,
Zynarith Mawk,mroczny,noobaiXLNAIXL_vPred075SVersion-Euler-40-5.5-4033172614-2025-01-02,23,impact,9,impact,9,impact,7,slash,2,puncture,2,impact,0,6,Common,,,
Calie Xipip,fantasy,noobaiXLNAIXL_vPred075SVersion-Euler-40-5.5-4033172615-2025-01-02,25,impact,8,impact,8,impact,6,slash,6,puncture,3,impact,0,5,Common,,,
Zynestra Darkhymn,mroczny,noobaiXLNAIXL_vPred075SVersion-Euler-40-5.5-4033172617-2025-01-02,69,puncture,10,puncture,10,impact,5,slash,4,puncture,8,impact,0,5,Rh'lo,Common,Ancient_Runes,
Helena Zephyra,fantasy,noobaiXLNAIXL_vPred075SVersion-Euler-40-5.5-4033172619-2025-01-02,16,puncture,11,puncture,11,impact,8,slash,9,puncture,2,impact,7,3,Common,Ancient_Runes,,
Melwyn Darkhunter,mroczny,noobaiXLNAIXL_vPred075SVersion-Euler-40-5.5-4033172622-2025-01-02,52,impact,8,impact,8,impact,7,slash,4,puncture,7,impact,1,5,Rh'lo,Common,Ancient_Runes,
Xantheia Supayra,fantasy,noobaiXLNAIXL_vPred075SVersion-Euler-40-5.5-4033172625-2025-01-02,24,puncture,7,slash,5,impact,4,slash,10,puncture,2,impact,4,4,Common,,,
Thoroldira Stormbringer,fantasy,noobaiXLNAIXL_vPred075SVersion-Euler-40-5.5-4033172632-2025-01-02,30,impact,12,impact,12,impact,3,slash,7,puncture,9,impact,2,3,Rh'lo,Common,Ancient_Runes,
Morgwynthra Ashspire,fantasy,noobaiXLNAIXL_vPred075SVersion-Euler-40-5.5-4033172633-2025-01-02,44,puncture,10,slash,7,impact,7,slash,9,puncture,5,impact,2,4,Common,Rh'lo,Ancient_Runes,
Nethrynia,secret,noobaiXLNAIXL_vPred075SVersion-Euler-40-5.5-4033172635-2025-01-02,58,puncture,9,shield,7,impact,8,slash,8,puncture,4,impact,10,3,Common,,,
Delphie Qhapie,fantasy,noobaiXLNAIXL_vPred075SVersion-Euler-40-5.5-4033172637-2025-01-02,41,impact,12,impact,12,impact,6,slash,4,puncture,0,impact,1,6,Common,,,
Lyra Zephyra,secret,noobaiXLNAIXL_vPred075SVersion-Euler-40-5.5-4082206823-2025-01-02,44,slash,8,slash,8,impact,7,slash,7,puncture,6,impact,1,4,Common,,,
Rynelleth Intiq,fantasy,noobaiXLNAIXL_vPred075SVersion-Euler-40-5.5-4082206826-2025-01-02,57,impact,12,impact,12,impact,6,slash,3,puncture,5,impact,5,5,Ancient_Runes,Rh'lo,,
Uma Aelindra,fantasy,noobaiXLNAIXL_vPred075SVersion-Euler-40-5.5-4082206827-2025-01-02,57,puncture,6,shield,3,impact,7,slash,5,puncture,11,impact,8,2,Common,,,
Ulricaya Pachac,forest,noobaiXLNAIXL_vPred075SVersion-Euler-40-5.5-4082206830-2025-01-02,40,impact,8,impact,8,impact,8,slash,9,puncture,2,impact,0,5,Kristalion,,,
Tarynie Ptahie,magic,noobaiXLNAIXL_vPred075SVersion-Euler-40-5.5-4082206832-2025-01-02,18,impact,8,impact,8,impact,5,slash,0,puncture,6,impact,3,5,Common,,,
Diomie Huay,secret,noobaiXLNAIXL_vPred075SVersion-Euler-40-5.5-4082206834-2025-01-02,38,puncture,11,shield,6,impact,4,slash,4,puncture,4,impact,5,5,Common,,,
Olynie Pachie,fantasy,noobaiXLNAIXL_vPred075SVersion-Euler-40-5.5-4082206835-2025-01-02,34,puncture,9,slash,7,impact,3,slash,8,puncture,11,impact,2,3,Common,,,
Lirvoxis,fantasy,noobaiXLNAIXL_vPred075SVersion-Euler-40-5.5-4082206839-2025-01-02,61,impact,10,impact,10,impact,8,slash,6,puncture,7,impact,5,3,Common,,,
Mirabelle Lysandra,mroczny,noobaiXLNAIXL_vPred075SVersion-Euler-40-5.5-4082206842-2025-01-02,27,puncture,7,slash,6,impact,4,slash,1,puncture,14,impact,10,2,Common,,,
Beatrix Nyxara,mroczny,noobaiXLNAIXL_vPred075SVersion-Euler-40-5.5-4082206843-2025-01-02,29,puncture,10,puncture,10,impact,4,slash,5,puncture,4,impact,10,3,Common,,,
Eirwynne Calithra,fantasy,noobaiXLNAIXL_vPred075SVersion-Euler-40-5.5-4082206844-2025-01-02,26,puncture,6,slash,3,impact,5,slash,12,puncture,13,impact,2,1,Common,,,
Vespythra Soulash,fantasy,noobaiXLNAIXL_vPred075SVersion-Euler-40-5.5-4082206851-2025-01-02,68,puncture,10,slash,6,impact,3,slash,1,puncture,1,impact,6,5,Common,,,
Kalandra Vileheart,mroczny,noobaiXLNAIXL_vPred075SVersion-Euler-40-5.5-4082206857-2025-01-02,33,impact,11,impact,11,impact,6,slash,0,puncture,2,impact,5,6,Rh'lo,Common,Ancient_Runes,
Myrvoxis Amaru,fantasy,noobaiXLNAIXL_vPred075SVersion-Euler-40-5.5-4082206865-2025-01-02,45,puncture,5,slash,3,impact,4,slash,6,puncture,3,impact,7,4,Common,,,
Lyriquin Darkweaver,fantasy,noobaiXLNAIXL_vPred075SVersion-Euler-40-5.5-4082206866-2025-01-02,54,puncture,5,shield,2,impact,5,slash,10,puncture,11,impact,2,3,Common,,,
Xylvoria,fantasy,noobaiXLNAIXL_vPred075SVersion-Euler-40-5.5-4082206868-2025-01-02,48,impact,12,impact,12,impact,8,slash,10,puncture,2,impact,8,3,Ancient_Runes,Common,Rh'lo,
Nihlarae Soulrend,fantasy,noobaiXLNAIXL_vPred075SVersion-Euler-40-5.5-4082206870-2025-01-02,47,puncture,4,shield,1,impact,8,slash,6,puncture,6,impact,5,4,Common,,,
Cythereya Anqet,fantasy,noobaiXLNAIXL_vPred075SVersion-Euler-40-5.5-4082206873-2025-01-02,19,impact,9,impact,9,impact,6,slash,7,puncture,4,impact,10,3,Common,,,
Nivie Huayrie,fantasy,noobaiXLNAIXL_vPred075SVersion-Euler-40-5.5-4082206885-2025-01-02,26,impact,10,impact,10,impact,5,slash,4,puncture,13,impact,1,3,Rh'lo,Common,Ancient_Runes,
Cythie Anqie,fantasy,noobaiXLNAIXL_vPred075SVersion-Euler-40-5.5-4082206890-2025-01-02,66,impact,9,impact,9,impact,7,slash,3,puncture,6,impact,6,4,Common,,,
Selene Elowen,secret,noobaiXLNAIXL_vPred075SVersion-Euler-40-5.5-4082206902-2025-01-02,46,impact,11,impact,11,impact,7,slash,5,puncture,0,impact,5,5,Common,,,
Ulrie Pachie,mroczny,noobaiXLNAIXL_vPred075SVersion-Euler-40-5.5-4082206906-2025-01-02,50,impact,11,impact,11,impact,7,slash,3,puncture,1,impact,7,5,Common,,,
Wynter Morwenna,magic,noobaiXLNAIXL_vPred075SVersion-Euler-40-5.5-4082206909-2025-01-02,40,impact,12,impact,12,impact,6,slash,0,puncture,0,impact,4,6,Common,,,
Xylvoxa,secret,noobaiXLNAIXL_vPred075SVersion-Euler-40-5.5-4082206910-2025-01-02,23,puncture,2,slash,6,impact,5,slash,5,puncture,5,impact,0,5,Common,,,
Naevyssa Quilla,mroczny,noobaiXLNAIXL_vPred075SVersion-Euler-40-5.5-4082206911-2025-01-02,28,impact,12,impact,12,impact,6,slash,6,puncture,5,impact,3,4,Common,,,
Naevie Quillue,mroczny,noobaiXLNAIXL_vPred075SVersion-Euler-40-5.5-4082206914-2025-01-02,23,impact,9,impact,9,impact,6,slash,0,puncture,4,impact,5,5,Common,,,
Skarlena,fantasy,noobaiXLNAIXL_vPred075SVersion-Euler-40-5.5-4082206915-2025-01-02,29,puncture,1,slash,7,impact,8,slash,5,puncture,6,impact,7,3,Common,,,
Eirabell Battleborn,secret,noobaiXLNAIXL_vPred075SVersion-Euler-40-5.5-4082206917-2025-01-02,68,puncture,10,slash,6,impact,6,slash,5,puncture,8,impact,9,3,Common,,,
Brontie Tlaltie,forest,noobaiXLNAIXL_vPred075SVersion-Euler-40-5.5-4082206918-2025-01-02,42,puncture,6,impact,5,impact,8,slash,9,puncture,4,impact,9,3,Kristalion,,,
Amara Celestia,forest,noobaiXLNAIXL_vPred075SVersion-Euler-40-5.5-4082206919-2025-01-02,36,puncture,6,slash,3,impact,4,slash,3,puncture,2,impact,1,6,Kristalion,,,
Jarethor,mroczny,noobaiXLNAIXL_vPred075SVersion-Euler-40-5.5-4217293986-2025-01-02,50,puncture,12,shield,10,impact,7,slash,6,puncture,11,impact,10,1,Rh'lo,Ancient_Runes,,
Morwen Darkshore,fantasy,noobaiXLNAIXL_vPred075SVersion-Euler-40-5.5-4217293989-2025-01-02,33,puncture,10,slash,5,impact,3,slash,2,puncture,6,impact,9,4,Common,,,
Eriselle,fantasy,noobaiXLNAIXL_vPred075SVersion-Euler-40-5.5-4217293990-2025-01-02,67,puncture,10,puncture,10,impact,7,slash,4,puncture,12,impact,3,3,Common,,,
Jessalyth,secret,noobaiXLNAIXL_vPred075SVersion-Euler-40-5.5-4217293992-2025-01-02,47,puncture,8,slash,7,impact,7,slash,10,puncture,14,impact,11,0,Common,,,
Mordrakarath Netherspire,secret,noobaiXLNAIXL_vPred075SVersion-Euler-40-5.5-4217293993-2025-01-02,55,puncture,2,slash,3,impact,3,slash,2,puncture,6,impact,5,5,Common,,,
Idrie Yupie,fantasy,noobaiXLNAIXL_vPred075SVersion-Euler-40-5.5-4217293994-2025-01-02,59,puncture,4,shield,4,impact,6,slash,2,puncture,5,impact,6,5,Common,,,
Tenevoxis,fantasy,noobaiXLNAIXL_vPred075SVersion-Euler-40-5.5-4217293995-2025-01-02,49,puncture,10,slash,4,impact,5,slash,4,puncture,1,impact,7,5,Common,,,
Ultan Frostbane,fantasy,noobaiXLNAIXL_vPred075SVersion-Euler-40-5.5-4217294002-2025-01-02,66,puncture,11,puncture,11,impact,5,slash,5,puncture,6,impact,9,3,Common,,,
Niall Radoslav,fantasy,noobaiXLNAIXL_vPred075SVersion-Euler-40-5.5-4217294003-2025-01-02,80,puncture,2,slash,3,impact,4,slash,0,puncture,7,impact,11,3,Ancient_Runes,Common,,
Fyrandil,fantasy,noobaiXLNAIXL_vPred075SVersion-Euler-40-5.5-4217294004-2025-01-02,49,impact,11,impact,11,impact,6,slash,6,puncture,0,impact,3,5,Common,,,
Lythor,secret,noobaiXLNAIXL_vPred075SVersion-Euler-40-5.5-4217294005-2025-01-02,55,puncture,7,slash,7,impact,8,slash,4,puncture,8,impact,12,2,Common,,,
Erykthos,secret,noobaiXLNAIXL_vPred075SVersion-Euler-40-5.5-4217294006-2025-01-02,39,impact,9,impact,9,impact,4,slash,1,puncture,5,impact,7,5,Common,,,
Dravenarok Plaguethorn,fantasy,noobaiXLNAIXL_vPred075SVersion-Euler-40-5.5-4217294008-2025-01-02,60,impact,8,puncture,4,impact,5,slash,4,puncture,6,impact,8,3,Common,,,
Iraelynn,fantasy,noobaiXLNAIXL_vPred075SVersion-Euler-40-5.5-4217294009-2025-01-02,31,puncture,4,shield,4,impact,5,slash,8,puncture,4,impact,6,3,Common,,,
Morvane Darkfate,fantasy,noobaiXLNAIXL_vPred075SVersion-Euler-40-5.5-4217294010-2025-01-02,64,impact,12,impact,12,impact,6,slash,6,puncture,9,impact,5,3,Common,Rh'lo,,
Fergal Roko,fantasy,noobaiXLNAIXL_vPred075SVersion-Euler-40-5.5-4217294011-2025-01-02,69,impact,11,impact,11,impact,4,slash,3,puncture,1,impact,5,5,Common,,,
Arachnia Webmistress,secret,noobaiXLNAIXL_vPred075SVersion-Euler-40-5.5-4217294012-2025-01-02,75,puncture,10,slash,7,impact,5,slash,6,puncture,7,impact,2,4,Common,,,
Astraea,fantasy,noobaiXLNAIXL_vPred075SVersion-Euler-40-5.5-4217294013-2025-01-02,28,puncture,3,shield,6,impact,4,slash,6,puncture,14,impact,4,2,Common,,,
Zulthrak Witherhymn,fantasy,noobaiXLNAIXL_vPred075SVersion-Euler-40-5.5-4217294014-2025-01-02,98,puncture,5,shield,5,impact,3,slash,7,puncture,6,impact,12,2,Ancient_Runes,Common,Kristalion,
Umberto Stjepan,fantasy,noobaiXLNAIXL_vPred075SVersion-Euler-40-5.5-4217294016-2025-01-02,76,impact,9,impact,9,impact,7,slash,0,puncture,7,impact,9,4,Common,Ancient_Runes,,
Uziel,fantasy,noobaiXLNAIXL_vPred075SVersion-Euler-40-5.5-4217294018-2025-01-02,37,impact,4,puncture,6,impact,3,slash,5,puncture,6,impact,0,5,Common,Ancient_Runes,Rh'lo,
Khelborne,secret,noobaiXLNAIXL_vPred075SVersion-Euler-40-5.5-4217294020-2025-01-02,78,puncture,6,slash,4,impact,8,slash,2,puncture,7,impact,3,5,Common,,,
Ylvor Huacie,fantasy,noobaiXLNAIXL_vPred075SVersion-Euler-40-5.5-4217294021-2025-01-02,81,puncture,3,shield,6,impact,7,slash,6,puncture,12,impact,3,3,Common,,,
Giorgio Frostbane,mroczny,noobaiXLNAIXL_vPred075SVersion-Euler-40-5.5-4217294022-2025-01-02,40,puncture,3,slash,7,impact,5,slash,1,puncture,13,impact,9,3,Common,,,
Olyndor Pachie,fantasy,noobaiXLNAIXL_vPred075SVersion-Euler-40-5.5-4217294023-2025-01-02,30,puncture,2,slash,4,impact,3,slash,3,puncture,9,impact,0,5,Common,Ancient_Runes,,
Milo Thunderforge,fantasy,noobaiXLNAIXL_vPred075SVersion-Euler-40-5.5-4217294024-2025-01-02,84,impact,7,puncture,6,impact,4,slash,8,puncture,10,impact,11,1,Common,,,
Zethraxulath Plaguemaw,secret,noobaiXLNAIXL_vPred075SVersion-Euler-40-5.5-4217294026-2025-01-02,50,puncture,10,shield,3,impact,4,slash,5,puncture,6,impact,5,4,Common,,,
Ilystria,fantasy,noobaiXLNAIXL_vPred075SVersion-Euler-40-5.5-4217294027-2025-01-02,28,puncture,4,shield,4,impact,5,slash,1,puncture,10,impact,2,5,Common,,,
Gharnetharulok Ashspire,secret,noobaiXLNAIXL_vPred075SVersion-Euler-40-5.5-4217294029-2025-01-02,52,puncture,4,slash,4,impact,4,slash,6,puncture,2,impact,6,4,Common,,,
Elystris Wraithbloom,mroczny,noobaiXLNAIXL_vPred075SVersion-Euler-40-5.5-4217294030-2025-01-02,42,puncture,3,slash,3,impact,5,slash,0,puncture,11,impact,6,4,Common,,,
Helie Neithie,fantasy,noobaiXLNAIXL_vPred075SVersion-Euler-40-5.5-4217294033-2025-01-02,35,puncture,3,slash,8,impact,7,slash,3,puncture,11,impact,10,2,Common,,,
Ossyra,fantasy,noobaiXLNAIXL_vPred075SVersion-Euler-40-5.5-4217294035-2025-01-02,38,puncture,4,impact,6,impact,4,slash,0,puncture,7,impact,5,5,Common,,,
Glorian Intipie,fantasy,noobaiXLNAIXL_vPred075SVersion-Euler-40-5.5-4217294037-2025-01-02,74,puncture,2,slash,8,impact,3,slash,4,puncture,3,impact,4,5,Common,,,
Xarindus,fantasy,noobaiXLNAIXL_vPred075SVersion-Euler-40-5.5-4217294039-2025-01-02,52,puncture,2,slash,5,impact,8,slash,1,puncture,6,impact,3,5,Common,,,
Zargoth,magic,noobaiXLNAIXL_vPred075SVersion-Euler-40-5.5-4217294042-2025-01-02,59,puncture,8,slash,4,impact,4,slash,2,puncture,6,impact,4,5,Ancient_Runes,Rh'lo,Common,
Kethril Moonhunter,fantasy,noobaiXLNAIXL_vPred075SVersion-Euler-40-5.5-4217294046-2025-01-02,74,impact,9,impact,9,impact,4,slash,2,puncture,6,impact,1,5,Ancient_Runes,Common,,
Fionor Intibee,secret,noobaiXLNAIXL_vPred075SVersion-Euler-40-5.5-4217294057-2025-01-02,82,puncture,2,slash,5,impact,8,slash,6,puncture,8,impact,7,3,Common,,,
Phelan Thunderstrike,fantasy,noobaiXLNAIXL_vPred075SVersion-Euler-40-5.5-4217294058-2025-01-02,75,puncture,1,slash,5,impact,7,slash,4,puncture,4,impact,1,5,Common,,,
Kazadrax,fantasy,noobaiXLNAIXL_vPred075SVersion-Euler-40-5.5-4217294059-2025-01-02,37,puncture,12,puncture,12,impact,4,slash,3,puncture,2,impact,5,5,Common,,,
Lyris Tazzy,mroczny,noobaiXLNAIXL_vPred075SVersion-Euler-40-5.5-4217294062-2025-01-02,18,impact,10,impact,10,impact,3,slash,2,puncture,7,impact,2,5,Kristalion,,,
Malthrax Duskbane,fantasy,noobaiXLNAIXL_vPred075SVersion-Euler-40-5.5-4217294063-2025-01-02,65,puncture,5,impact,3,impact,7,slash,3,puncture,8,impact,10,3,Common,,,
Quinn Seraphine,magic,noobaiXLNAIXL_vPred075SVersion-Euler-40-5.5-4217294064-2025-01-02,22,impact,12,impact,12,impact,3,slash,2,puncture,7,impact,0,5,Ancient_Runes,Common,,
Ophir Huancie,fantasy,noobaiXLNAIXL_vPred075SVersion-Euler-40-5.5-4217294065-2025-01-02,29,puncture,5,shield,10,impact,7,slash,6,puncture,13,impact,12,0,Common,,,
Zynvrakar Frostshade,secret,noobaiXLNAIXL_vPred075SVersion-Euler-40-5.5-4217294066-2025-01-02,62,puncture,4,slash,3,impact,5,slash,5,puncture,12,impact,10,1,Common,,,
Xypharokarion Wraiththorn,fantasy,noobaiXLNAIXL_vPred075SVersion-Euler-40-5.5-4217294067-2025-01-02,80,puncture,10,slash,4,impact,8,slash,2,puncture,6,impact,9,4,Common,,,
Kaelthar Venomspell,secret,noobaiXLNAIXL_vPred075SVersion-Euler-40-5.5-4217294068-2025-01-02,53,puncture,10,puncture,10,impact,8,slash,4,puncture,5,impact,4,5,Common,,,
Vrykkarulath Bonehymn,mroczny,noobaiXLNAIXL_vPred075SVersion-Euler-40-5.5-4217294069-2025-01-02,92,puncture,8,puncture,8,impact,6,slash,7,puncture,8,impact,9,2,Common,,,
Ixidor,secret,noobaiXLNAIXL_vPred075SVersion-Euler-40-5.5-4217294070-2025-01-02,51,puncture,8,puncture,8,impact,5,slash,6,puncture,9,impact,4,3,Common,,,
Vrykkarul Wraithflame,secret,noobaiXLNAIXL_vPred075SVersion-Euler-40-5.5-4217294072-2025-01-02,99,impact,11,impact,11,impact,7,slash,4,puncture,8,impact,3,4,Common,,,
Kyrion,fantasy,noobaiXLNAIXL_vPred075SVersion-Euler-40-5.5-4217294074-2025-01-02,85,puncture,4,impact,4,impact,6,slash,0,puncture,7,impact,6,5,Common,,,
Ivo Frostreaver,secret,noobaiXLNAIXL_vPred075SVersion-Euler-40-5.5-4217294076-2025-01-02,93,impact,5,shield,8,impact,3,slash,0,puncture,14,impact,4,3,Common,,,
Vorenth,mroczny,noobaiXLNAIXL_vPred075SVersion-Euler-40-5.5-4217294077-2025-01-02,80,puncture,6,slash,8,impact,4,slash,7,puncture,7,impact,11,2,Rh'lo,,,
Ythrak,fantasy,noobaiXLNAIXL_vPred075SVersion-Euler-40-5.5-4217294078-2025-01-02,79,puncture,4,slash,3,impact,3,slash,0,puncture,6,impact,12,3,Common,,,
Eldryn,fantasy,noobaiXLNAIXL_vPred075SVersion-Euler-40-5.5-4217294079-2025-01-02,67,puncture,6,slash,7,impact,5,slash,0,puncture,12,impact,7,3,Common,,,
Lyra Zephyra,magic,noobaiXLNAIXL_vPred075SVersion-Euler-40-5.5-4217294081-2025-01-02,45,impact,9,impact,9,impact,3,slash,6,puncture,5,impact,0,5,Rh'lo,,,
Kryonumbra,secret,noobaiXLNAIXL_vPred075SVersion-Euler-40-5.5-4217294082-2025-01-02,69,puncture,7,slash,8,impact,3,slash,9,puncture,9,impact,12,0,Common,,,
Erebor,fantasy,noobaiXLNAIXL_vPred075SVersion-Euler-40-5.5-4217294083-2025-01-02,89,puncture,6,slash,3,impact,3,slash,2,puncture,2,impact,9,5,Common,,,
Vynvoxis,mroczny,noobaiXLNAIXL_vPred075SVersion-Euler-40-5.5-4217294084-2025-01-02,58,impact,10,impact,10,impact,3,slash,2,puncture,7,impact,2,5,Common,,,
Xara Elowen,secret,noobaiXLNAIXL_vPred075SVersion-Euler-40-5.5-4217294085-2025-01-02,40,puncture,1,slash,7,impact,6,slash,10,puncture,9,impact,0,3,Common,,,
Calanthir Forestspirit,secret,noobaiXLNAIXL_vPred075SVersion-Euler-40-5.5-427618170-2025-01-02,20,puncture,4,slash,7,impact,4,slash,1,puncture,3,impact,9,5,Common,,,
Azarathys Blackthorn,mroczny,noobaiXLNAIXL_vPred075SVersion-Euler-40-5.5-427618171-2025-01-02,33,puncture,2,impact,7,impact,7,slash,2,puncture,7,impact,10,3,Common,,,
Thalassira Darkcoven,fantasy,noobaiXLNAIXL_vPred075SVersion-Euler-40-5.5-427618177-2025-01-02,28,puncture,6,slash,4,impact,8,slash,7,puncture,1,impact,6,4,Common,,,
Vorgash Bloodveil,secret,noobaiXLNAIXL_vPred075SVersion-Euler-40-5.5-427618179-2025-01-02,41,puncture,8,slash,5,impact,4,slash,7,puncture,7,impact,12,2,Common,,,
Grimvayne,magic,noobaiXLNAIXL_vPred075SVersion-Euler-40-5.5-427618183-2025-01-02,47,impact,12,impact,12,impact,3,slash,9,puncture,10,impact,10,1,Ancient_Runes,,,
Zytheris Blightveil,fantasy,noobaiXLNAIXL_vPred075SVersion-Euler-40-5.5-427618185-2025-01-02,65,puncture,9,slash,8,impact,7,slash,0,puncture,6,impact,7,5,Common,,,
Ulvi Qhapie,secret,noobaiXLNAIXL_vPred075SVersion-Euler-40-5.5-427618187-2025-01-02,49,impact,11,impact,11,impact,4,slash,7,puncture,9,impact,10,2,Common,,,
Vera Seraphine,secret,noobaiXLNAIXL_vPred075SVersion-Euler-40-5.5-427618188-2025-01-02,45,impact,11,impact,11,impact,7,slash,3,puncture,3,impact,6,5,Common,,,
Nyxara Seraphine,fantasy,noobaiXLNAIXL_vPred075SVersion-Euler-40-5.5-427618190-2025-01-02,47,impact,12,impact,12,impact,5,slash,10,puncture,4,impact,4,3,Common,,,
Wyllie Suppie,secret,noobaiXLNAIXL_vPred075SVersion-Euler-40-5.5-427618191-2025-01-02,28,impact,9,impact,9,impact,5,slash,9,puncture,6,impact,7,3,Common,,,
Nyktoria Shadowdancer,secret,noobaiXLNAIXL_vPred075SVersion-Euler-40-5.5-427618203-2025-01-02,26,puncture,2,slash,6,impact,5,slash,3,puncture,5,impact,9,4,Common,,,
Valisarae Doomgaze,magic,noobaiXLNAIXL_vPred075SVersion-Euler-40-5.5-427618207-2025-01-02,16,impact,10,impact,10,impact,6,slash,2,puncture,7,impact,7,4,Ancient_Runes,,,
Drenvora,fantasy,noobaiXLNAIXL_vPred075SVersion-Euler-40-5.5-427618209-2025-01-02,29,puncture,4,shield,10,impact,5,slash,9,puncture,4,impact,6,3,Common,,,
Vespythra Soulash,fantasy,noobaiXLNAIXL_vPred075SVersion-Euler-40-5.5-427618210-2025-01-02,16,puncture,8,slash,4,impact,8,slash,0,puncture,14,impact,5,3,Common,,,
Kivaraya Ollant,magic,noobaiXLNAIXL_vPred075SVersion-Euler-40-5.5-427618214-2025-01-02,24,impact,9,puncture,7,impact,5,slash,3,puncture,2,impact,1,6,Rh'lo,Ancient_Runes,Common,
Eirabell Battlecry,fantasy,noobaiXLNAIXL_vPred075SVersion-Euler-40-5.5-427618216-2025-01-02,16,impact,10,impact,10,impact,7,slash,1,puncture,0,impact,6,6,Common,,,
Ylvi Huacie,forest,noobaiXLNAIXL_vPred075SVersion-Euler-40-5.5-427618219-2025-01-02,35,impact,8,impact,8,impact,5,slash,2,puncture,2,impact,9,5,Rh'lo,Ancient_Runes,,
Nocturnys Viledusk,mroczny,noobaiXLNAIXL_vPred075SVersion-Euler-40-5.5-427618220-2025-01-02,75,puncture,7,shield,6,impact,6,slash,1,puncture,7,impact,2,5,Common,,,
Orithyith Apoca,fantasy,noobaiXLNAIXL_vPred075SVersion-Euler-40-5.5-427618222-2025-01-02,57,puncture,5,slash,8,impact,4,slash,2,puncture,4,impact,10,4,Common,,,
Quinie Apocute,magic,noobaiXLNAIXL_vPred075SVersion-Euler-40-5.5-427618223-2025-01-02,34,impact,12,impact,12,impact,3,slash,4,puncture,4,impact,9,4,Ancient_Runes,Rh'lo,Common,
Vynvoxis,secret,noobaiXLNAIXL_vPred075SVersion-Euler-40-5.5-427618224-2025-01-02,59,puncture,10,slash,7,impact,8,slash,2,puncture,1,impact,7,5,Common,,,
Vorgalyss Dreadspell,mroczny,noobaiXLNAIXL_vPred075SVersion-Euler-40-5.5-427618226-2025-01-02,59,puncture,9,puncture,9,impact,7,slash,2,puncture,3,impact,2,6,Rh'lo,Common,Ancient_Runes,
Dionethra Ankhit,forest,noobaiXLNAIXL_vPred075SVersion-Euler-40-5.5-427618228-2025-01-02,41,impact,9,impact,9,impact,4,slash,2,puncture,0,impact,4,6,Kristalion,,,
Sablevoria,fantasy,noobaiXLNAIXL_vPred075SVersion-Euler-40-5.5-427618229-2025-01-02,48,puncture,10,shield,1,impact,8,slash,5,puncture,14,impact,11,0,Common,,,
Vexthara Wraithveil,fantasy,noobaiXLNAIXL_vPred075SVersion-Euler-40-5.5-427618234-2025-01-02,55,impact,9,impact,9,impact,3,slash,1,puncture,3,impact,10,4,Common,,,
Hesperie Anulette,fantasy,noobaiXLNAIXL_vPred075SVersion-Euler-40-5.5-427618239-2025-01-02,67,impact,11,impact,11,impact,3,slash,0,puncture,7,impact,3,5,Rh'lo,,,
Thornguarda Blackthorn,mroczny,noobaiXLNAIXL_vPred075SVersion-Euler-40-5.5-427618240-2025-01-02,70,impact,7,shield,8,impact,8,slash,7,puncture,7,impact,3,4,Ancient_Runes,,,
Myrkurra Plagueveil,secret,noobaiXLNAIXL_vPred075SVersion-Euler-40-5.5-427618251-2025-01-02,25,impact,8,impact,8,impact,5,slash,2,puncture,3,impact,7,5,Common,,,
Thoroldira Stormbringer,secret,noobaiXLNAIXL_vPred075SVersion-Euler-40-5.5-427618253-2025-01-02,66,impact,8,impact,8,impact,3,slash,1,puncture,2,impact,8,5,Common,,,
Diomirith Huay,fantasy,noobaiXLNAIXL_vPred075SVersion-Euler-40-5.5-427618256-2025-01-02,65,impact,12,impact,12,impact,6,slash,7,puncture,8,impact,12,1,Rh'lo,,,
Yllarithys Grimspire,magic,noobaiXLNAIXL_vPred075SVersion-Euler-40-5.5-427618260-2025-01-02,42,impact,12,impact,12,impact,5,slash,5,puncture,3,impact,6,4,Common,Rh'lo,Ancient_Runes,
Raven Thalindra,secret,noobaiXLNAIXL_vPred075SVersion-Euler-40-5.5-427618265-2025-01-02,73,puncture,2,impact,4,impact,8,slash,5,puncture,4,impact,5,4,Common,,,
Erebor,fantasy,noobaiXLNAIXL_vPred075SVersion-Euler-40-5.5-648184083-2025-01-02,96,puncture,7,slash,3,impact,7,slash,9,puncture,10,impact,8,1,Common,,,
Melisarae Frostshade,fantasy,noobaiXLNAIXL_vPred075SVersion-Euler-40-5.5-648184090-2025-01-02,28,puncture,9,slash,4,impact,7,slash,3,puncture,5,impact,1,5,Common,,,
Franco Thunderstrike,forest,noobaiXLNAIXL_vPred075SVersion-Euler-40-5.5-648184091-2025-01-02,33,impact,12,impact,12,impact,7,slash,1,puncture,4,impact,3,5,Kristalion,,,
Vrykkarulathar Bonehymn,secret,noobaiXLNAIXL_vPred075SVersion-Euler-40-5.5-648184092-2025-01-02,88,puncture,4,slash,3,impact,6,slash,6,puncture,2,impact,9,4,Common,,,
Namarie Dusktreader,mroczny,noobaiXLNAIXL_vPred075SVersion-Euler-40-5.5-648184096-2025-01-02,39,impact,10,impact,10,impact,4,slash,3,puncture,7,impact,10,3,Common,,,
Helior Neithie,secret,noobaiXLNAIXL_vPred075SVersion-Euler-40-5.5-648184097-2025-01-02,49,impact,5,puncture,4,impact,5,slash,7,puncture,4,impact,9,3,Common,,,
Ultan Srecko,secret,noobaiXLNAIXL_vPred075SVersion-Euler-40-5.5-648184099-2025-01-02,36,puncture,9,slash,4,impact,4,slash,10,puncture,9,impact,7,2,Common,,,
Tarynie Ptahie,forest,noobaiXLNAIXL_vPred075SVersion-Euler-40-5.5-648184100-2025-01-02,32,impact,9,impact,9,impact,6,slash,9,puncture,10,impact,5,2,Kristalion,,,
Zelvox,fantasy,noobaiXLNAIXL_vPred075SVersion-Euler-40-5.5-648184101-2025-01-02,48,slash,8,slash,8,impact,4,slash,4,puncture,4,impact,9,4,Common,,,
Zhaedrus,fantasy,noobaiXLNAIXL_vPred075SVersion-Euler-40-5.5-648184103-2025-01-02,73,puncture,6,slash,4,impact,4,slash,2,puncture,2,impact,1,6,Common,,,
Nymira,fantasy,noobaiXLNAIXL_vPred075SVersion-Euler-40-5.5-648184104-2025-01-02,89,puncture,8,shield,5,impact,7,slash,6,puncture,7,impact,5,3,Kristalion,Common,,
Branislav Ironfist,fantasy,noobaiXLNAIXL_vPred075SVersion-Euler-40-5.5-648184107-2025-01-02,77,puncture,9,shield,8,impact,7,slash,8,puncture,13,impact,4,2,Common,,,
Xarenza Dragonheart,secret,noobaiXLNAIXL_vPred075SVersion-Euler-40-5.5-648184108-2025-01-02,41,puncture,3,slash,6,impact,5,slash,6,puncture,3,impact,10,3,Common,,,
Olyndor Pachie,magic,noobaiXLNAIXL_vPred075SVersion-Euler-40-5.5-648184109-2025-01-02,64,puncture,12,puncture,12,impact,5,slash,2,puncture,0,impact,2,6,Rh'lo,Common,,
Morwenna Elowen,secret,noobaiXLNAIXL_vPred075SVersion-Euler-40-5.5-648184111-2025-01-02,49,impact,10,impact,10,impact,5,slash,1,puncture,2,impact,8,5,Common,,,
Ciaran Matej,forest,noobaiXLNAIXL_vPred075SVersion-Euler-40-5.5-648184113-2025-01-02,40,impact,10,impact,10,impact,4,slash,6,puncture,1,impact,7,4,Kristalion,,,
Zynumbra,secret,noobaiXLNAIXL_vPred075SVersion-Euler-40-5.5-648184114-2025-01-02,57,puncture,6,slash,6,impact,7,slash,4,puncture,4,impact,6,4,Common,,,
Ophir Huancie,mroczny,noobaiXLNAIXL_vPred075SVersion-Euler-40-5.5-648184119-2025-01-02,92,puncture,2,slash,3,impact,8,slash,5,puncture,4,impact,3,5,Common,,,
Thalgorok Soulspire,fantasy,noobaiXLNAIXL_vPred075SVersion-Euler-40-5.5-648184120-2025-01-02,25,puncture,2,slash,8,impact,8,slash,5,puncture,5,impact,6,4,Common,,,
Elystris Wraithbloom,mroczny,noobaiXLNAIXL_vPred075SVersion-Euler-40-5.5-648184121-2025-01-02,59,impact,10,impact,10,impact,6,slash,2,puncture,4,impact,9,4,Common,Rh'lo,Ancient_Runes,
Branislav Ironfist,mroczny,noobaiXLNAIXL_vPred075SVersion-Euler-40-5.5-648184125-2025-01-02,46,impact,2,puncture,4,impact,7,slash,4,puncture,2,impact,9,4,Kristalion,,,
Luminara,secret,noobaiXLNAIXL_vPred075SVersion-Euler-40-5.5-648184127-2025-01-02,51,puncture,1,slash,3,impact,3,slash,7,puncture,8,impact,9,2,Common,,,
Wrenarith Huanc,fantasy,noobaiXLNAIXL_vPred075SVersion-Euler-40-5.5-648184128-2025-01-02,67,puncture,2,slash,5,impact,6,slash,9,puncture,8,impact,6,3,Common,,,
Vespyrra Doomchant,fantasy,noobaiXLNAIXL_vPred075SVersion-Euler-40-5.5-648184130-2025-01-02,26,impact,8,impact,8,impact,3,slash,4,puncture,2,impact,2,5,Common,,,
Cian Darko,fantasy,noobaiXLNAIXL_vPred075SVersion-Euler-40-5.5-648184131-2025-01-02,53,puncture,8,puncture,8,impact,8,slash,5,puncture,6,impact,3,4,Common,,,
Kaelthas,fantasy,noobaiXLNAIXL_vPred075SVersion-Euler-40-5.5-648184135-2025-01-02,86,impact,7,puncture,5,impact,5,slash,2,puncture,7,impact,6,4,Ancient_Runes,,,
Ignatius,fantasy,noobaiXLNAIXL_vPred075SVersion-Euler-40-5.5-648184136-2025-01-02,44,impact,9,impact,9,impact,8,slash,4,puncture,2,impact,4,5,Ancient_Runes,,,
Ravynvoxis,fantasy,noobaiXLNAIXL_vPred075SVersion-Euler-40-5.5-648184137-2025-01-02,41,puncture,9,slash,3,impact,5,slash,7,puncture,12,impact,1,3,Common,,,
Iain Warspike,secret,noobaiXLNAIXL_vPred075SVersion-Euler-40-5.5-648184140-2025-01-02,70,puncture,3,slash,3,impact,5,slash,7,puncture,0,impact,4,5,Common,,,
Belthara,fantasy,noobaiXLNAIXL_vPred075SVersion-Euler-40-5.5-648184141-2025-01-02,83,puncture,6,shield,10,impact,3,slash,1,puncture,2,impact,7,5,Common,Kristalion,,
Faelthar,secret,noobaiXLNAIXL_vPred075SVersion-Euler-40-5.5-648184142-2025-01-02,52,impact,11,impact,11,impact,7,slash,0,puncture,6,impact,10,4,Common,,,
Drusie Neffie,secret,noobaiXLNAIXL_vPred075SVersion-Euler-40-5.5-648184144-2025-01-02,50,impact,12,impact,12,impact,6,slash,3,puncture,9,impact,7,3,Common,,,
Uvanie Wiraqie,secret,noobaiXLNAIXL_vPred075SVersion-Euler-40-5.5-648184147-2025-01-02,45,puncture,12,puncture,12,impact,6,slash,5,puncture,5,impact,2,5,Common,,,
Vynlota Frostmaiden,mroczny,noobaiXLNAIXL_vPred075SVersion-Euler-40-5.5-648184150-2025-01-02,42,puncture,7,slash,6,impact,8,slash,4,puncture,4,impact,4,5,Common,,,
Thalrynia,fantasy,noobaiXLNAIXL_vPred075SVersion-Euler-40-5.5-648184151-2025-01-02,44,puncture,5,slash,5,impact,3,slash,0,puncture,6,impact,10,4,Common,,,
Nemesys,fantasy,noobaiXLNAIXL_vPred075SVersion-Euler-40-5.5-648184152-2025-01-02,63,puncture,3,slash,5,impact,5,slash,2,puncture,4,impact,9,4,Common,,,
Xyrithia Mawkis,secret,noobaiXLNAIXL_vPred075SVersion-Euler-40-5.5-648184153-2025-01-02,49,impact,10,impact,10,impact,8,slash,0,puncture,4,impact,0,6,Common,,,
Dario Novak,secret,noobaiXLNAIXL_vPred075SVersion-Euler-40-5.5-648184156-2025-01-02,43,puncture,6,shield,10,impact,4,slash,6,puncture,8,impact,8,3,Common,,,
Itharel,fantasy,noobaiXLNAIXL_vPred075SVersion-Euler-40-5.5-648184157-2025-01-02,74,impact,8,impact,8,impact,8,slash,1,puncture,6,impact,0,6,Common,,,
Drusian Neffie,secret,noobaiXLNAIXL_vPred075SVersion-Euler-40-5.5-648184158-2025-01-02,40,puncture,9,slash,5,impact,3,slash,4,puncture,2,impact,5,5,Common,,,
Thornguarda Blackthorn,fantasy,noobaiXLNAIXL_vPred075SVersion-Euler-40-5.5-648184162-2025-01-02,24,impact,9,impact,9,impact,6,slash,9,puncture,10,impact,8,1,Common,,,
Azgalor,fantasy,noobaiXLNAIXL_vPred075SVersion-Euler-40-5.5-648184165-2025-01-02,80,puncture,3,slash,7,impact,7,slash,9,puncture,9,impact,5,3,Common,,,
Aurora Zephyra,secret,noobaiXLNAIXL_vPred075SVersion-Euler-40-5.5-648184166-2025-01-02,63,impact,11,impact,11,impact,5,slash,8,puncture,7,impact,5,3,Common,,,
Arachne Blackwood,secret,noobaiXLNAIXL_vPred075SVersion-Euler-40-5.5-648184167-2025-01-02,53,puncture,4,impact,8,impact,6,slash,3,puncture,5,impact,5,5,Common,,,
Xypharathar Witherclaw,fantasy,noobaiXLNAIXL_vPred075SVersion-Euler-40-5.5-648184168-2025-01-02,95,puncture,8,slash,5,impact,7,slash,3,puncture,2,impact,9,4,Common,,,
Wraithyn,magic,noobaiXLNAIXL_vPred075SVersion-Euler-40-5.5-648184170-2025-01-02,97,puncture,4,slash,5,impact,6,slash,4,puncture,4,impact,5,5,Rh'lo,Ancient_Runes,,
Vexithra Dreadshade,secret,noobaiXLNAIXL_vPred075SVersion-Euler-40-5.5-648184172-2025-01-02,69,puncture,4,slash,6,impact,4,slash,3,puncture,0,impact,7,5,Common,,,
Galadriel Thalindra,secret,noobaiXLNAIXL_vPred075SVersion-Euler-40-5.5-648184175-2025-01-02,46,puncture,1,slash,6,impact,4,slash,2,puncture,1,impact,11,4,Common,,,
Lirio Ironflame,magic,noobaiXLNAIXL_vPred075SVersion-Euler-40-5.5-648184176-2025-01-02,57,impact,11,impact,11,impact,5,slash,6,puncture,0,impact,10,4,Ancient_Runes,Rh'lo,,
Jorvie Chimie,fantasy,noobaiXLNAIXL_vPred075SVersion-Euler-40-5.5-648184177-2025-01-02,50,impact,10,impact,10,impact,3,slash,10,puncture,4,impact,4,3,Common,,,
Morgtharathar Vileflame,fantasy,noobaiXLNAIXL_vPred075SVersion-Euler-40-5.5-648184178-2025-01-02,55,impact,6,puncture,5,impact,3,slash,2,puncture,5,impact,6,5,Common,,,
Fyrandil,forest,noobaiXLNAIXL_vPred075SVersion-Euler-40-5.5-648184179-2025-01-02,90,puncture,7,slash,8,impact,4,slash,4,puncture,9,impact,2,4,Kristalion,,,
